mean_AU01,mean_AU02,mean_AU04,mean_AU05,mean_AU06,mean_AU07,mean_AU09,mean_AU10,mean_AU11,mean_AU12,mean_AU14,mean_AU15,mean_AU17,mean_AU20,mean_AU23,mean_AU24,mean_AU25,mean_AU26,mean_AU28,mean_AU43,mean_duration,truthfulness
0.2586868328836478,0.2582653196409159,0.2362704690467947,0.111785674125381,0.6544178863783108,0.7969939457640185,0.2892666480848821,0.9432939639930852,0.4150998381749745,0.8378973157167944,0.7398417961002224,0.1050595645046019,0.1671094731777185,0.2495969933587629,0.3079751831513785,0.1536671890538847,0.9487445792986388,0.5825768038699167,0.2147929306831887,0.0438188659419964,5.666666666666666,0
0.4032891117637792,0.3160185093515924,0.1933715884115993,0.209125546811152,0.6363557925874727,0.4630340024087447,0.2284415675619024,0.8581538562345682,0.4026573886355393,0.7452135603205231,0.6383295127661249,0.3221442891773711,0.2370080738742254,0.2344726976150264,0.2532936239277729,0.1178981652742261,0.910497635084913,0.387536240868741,0.1766400760254812,0.0444052146502267,2.033333333333333,0
0.4459812091595881,0.4126590510986213,0.258856843689821,0.1987078225513535,0.7780931650282391,0.7764534779532813,0.357582510841708,0.9146485094449596,0.4128738864997398,0.8436824679998436,0.7501521026929832,0.2948127768876901,0.3136809622128373,0.2378358751680035,0.3140101114450869,0.1209140815450325,0.9177295333060768,0.6776198218568321,0.0583273289041466,0.3249417912382872,3.933333333333332,0
0.2746336735626725,0.3225503880160422,0.2489400499696287,0.208667309745703,0.6056623275150699,0.7241193124164522,0.2216519664421068,0.8570001142629452,0.4150218089151248,0.7569620862080602,0.7934326186738324,0.0786593222551406,0.2763423222655095,0.2503197983618578,0.3938611565884377,0.5387330005871407,0.4176752303864026,0.2329138962223885,0.3339861486411517,0.0853341891345429,3.5333333333333323,0
0.3062203563168749,0.3071486936592676,0.2309405996352815,0.1528249985968306,0.7417673429337968,0.7139682182354475,0.2237710988304777,0.8916203980255428,0.4145920795159553,0.8586809317403682,0.8043372832042234,0.089877097745976,0.260259734502672,0.3031830520977204,0.3239643956489135,0.5358624587586274,0.4754267320031173,0.3034556014261205,0.3708828800302957,0.1279457308194654,1.2000000000000002,0
0.4240417771166929,0.3746913013759074,0.2061643900825726,0.1566998174751154,0.5559101227063716,0.6673788833941741,0.1836324901762732,0.8165460896934345,0.4086553052946678,0.6939798978609084,0.6370929817858517,0.4106898376628607,0.3450552196937974,0.1877295869014018,0.441682450293554,0.3721355788413149,0.7475974514335817,0.5715824645313078,0.1436149411406654,0.0230249238177053,0.3666666666666666,0
0.1631728075808532,0.222356188050025,0.1949751712553778,0.1059777121135004,0.7516108718054352,0.7285637347811819,0.2472583524862381,0.9006704892320645,0.414832138502513,0.8594836968612485,0.8181239283197638,0.0716617094211855,0.1899524646075972,0.2632010337173048,0.3357612815960279,0.516538188330946,0.4985180056986236,0.3992069278664231,0.363481183391338,0.1413356513101922,1.2000000000000002,0
0.3691281382387116,0.3284229796767263,0.2311799522690328,0.0982665120668411,0.6271458097929132,0.7175682520297404,0.2262101207717179,0.8430012277376061,0.4146865105402556,0.7538327312973364,0.7293644886469854,0.3464250503270057,0.519661302103528,0.2145113001729924,0.4535671322004564,0.6319519640926634,0.2982319770652519,0.252538041309199,0.2818474122023331,0.0359176614316289,6.366666666666666,0
0.2819568776422907,0.2873662152635973,0.2315903389324727,0.1131409385136697,0.7865859122208375,0.8269480533823065,0.4072067248506664,0.9510422118383952,0.4094901674295305,0.877688174379768,0.7606868667669335,0.1342790087911501,0.163857092325615,0.2942847693937827,0.2699677702943335,0.1028767240888404,0.9623287799285238,0.6411849769712376,0.1617111167424562,0.1152344603037042,9.333333333333334,0
0.4158749012686554,0.3781056386373524,0.3261411597414895,0.1383291826200461,0.7876313389392015,0.7656826971154157,0.4115124453240465,0.9286351481680708,0.4139590289234623,0.8890887110663948,0.6519835988907647,0.3962270401870112,0.4429149497167183,0.3364341756700324,0.3100503061538222,0.0918367371821307,0.8607655680796802,0.4944801330592927,0.0547135183654615,0.1788511222640103,12.7,0
0.6983160895790329,0.5440947530423593,0.2921809918011168,0.3313417729838211,0.4122709350977706,0.5393337639660533,0.1228388375501693,0.7879242211020167,0.3881121630981069,0.5503071965651362,0.4507119501484774,0.428606729873444,0.4378012340167955,0.2130008836454581,0.2785659390660004,0.0545057145782244,0.8814708703751142,0.5973045081914219,0.0778337630855232,0.0779301816698301,2.5333333333333328,0
0.521548938628905,0.4325401000786418,0.3210106911037528,0.1486481595571081,0.7369835520076029,0.7485906226878386,0.3359537778090354,0.9233942261900636,0.415041074832239,0.757030940171409,0.5731546943922775,0.4486515693480218,0.2731941348593243,0.3021372802667182,0.2210625278513928,0.0519335997493911,0.9308955491440036,0.493458023349734,0.0744764687435076,0.0866685429354572,8.200000000000003,0
0.5413486249548254,0.4601170286163404,0.3101321468212469,0.2358967880588592,0.7827762445112383,0.7429510014655794,0.3484709183156201,0.9406086626653644,0.4079061607039861,0.7930102815640334,0.4989802443792506,0.4785430534449446,0.313515241499833,0.3779928137337157,0.1854630373976917,0.0530822552142019,0.9394999640223296,0.5691590155405458,0.0770052654281945,0.2735898046787002,1.5,0
0.4001075614596292,0.3654578853401873,0.1795062020815915,0.13748810102036,0.9633958782061488,0.8798893559542532,0.4673746672339743,0.980644369638898,0.4150998381749745,0.9729720021677066,0.6772208517234698,0.2952982699683975,0.2820604728569221,0.3759321832588704,0.1409276319502334,0.0288764370372643,0.9605850013164168,0.7013176997339169,0.0498870065294024,0.3914428286028731,2.966666666666667,0
0.2532407119371848,0.2507027055978785,0.2106396634821185,0.1171721337704139,0.7905907835638366,0.7463806529293668,0.3378650512150221,0.935759679528892,0.4141168602761688,0.9200267232274848,0.7583317072243926,0.1588498524751685,0.1219899224759097,0.225327036840884,0.3227460682485488,0.1267711534727062,0.9084708872785384,0.6288492845486499,0.1402601188912541,0.1247135045640319,4.600000000000001,0
0.486779745429352,0.3873224839778428,0.3028028290710906,0.1844443878711807,0.5389745384964164,0.700526311421486,0.187607217267509,0.9079751943826766,0.4140176668007196,0.6428979080667716,0.6816345889644462,0.1665014437837907,0.2584247412156753,0.2535376307604551,0.3073651031132025,0.1797481128932884,0.9331329036353496,0.5084121197969126,0.2180876706276888,0.0304591816742934,6.700000000000001,0
0.5298840996418003,0.4520754929976008,0.2172611883168998,0.1449880012345751,0.9084809583295376,0.8705964083379708,0.3620642204337723,0.9729796561830142,0.4150998381749745,0.954410470482626,0.5552461555990666,0.3674195643094171,0.2206047856996606,0.3523208833663397,0.1786069219284126,0.0125431686916666,0.9878949158105144,0.7517868808092096,0.0428629848802045,0.2401417265888921,8.166666666666668,0
0.4196485038381388,0.3756145022797612,0.236445059755876,0.1785403732859086,0.8348814169948529,0.7368066234678399,0.4090402066897812,0.9457944655501048,0.412727207427489,0.8850854343887513,0.6122072504377651,0.314144477590193,0.227602535503849,0.3598623188597805,0.1800214728711399,0.0521183862862198,0.9462624902939196,0.5147450608589035,0.0773827105758466,0.146799523384786,12.900000000000002,0
0.32130979316444,0.3035949441301147,0.1768299339314833,0.0854129616178506,0.886183672838555,0.8655868904293328,0.3816881183515608,0.9729783624012932,0.4148955681501017,0.948877934868134,0.7916351535515362,0.1350665658260069,0.1879621106690473,0.2661660924166963,0.3073720001966022,0.0892986968075077,0.9673570220925372,0.6320713828866293,0.1850527343081635,0.1244094118869582,8.266666666666666,0
0.192928552669992,0.1786797789137398,0.2676973051477045,0.3884538467457134,0.2503981997576674,0.4349521639360764,0.0725337043873497,0.6208943073182874,0.4022442491002642,0.4208884540151518,0.7719104422589234,0.0626398830933786,0.2983337494855569,0.2078793604098273,0.4972263417344417,0.6397419627310577,0.3819808939001935,0.2299671236708864,0.3423198127043641,0.019010625260662,0.6333333333333332,0
0.579059058901313,0.4459187528591369,0.2496734568538422,0.1608631685983543,0.7752208454589176,0.7881474318175673,0.3391065158267992,0.9587261593219784,0.4150474621521015,0.8586823127372791,0.6146966423691679,0.2574478999222173,0.2191585620406004,0.2990564816932343,0.1957295286452604,0.0381967559680119,0.968106497654653,0.693763024193785,0.0887621741799301,0.1702217631431487,3.0666666666666664,0
0.4303655392290298,0.4054433031739856,0.2211748787237445,0.0879990747374844,0.939882643823968,0.8829025021677956,0.4483216614645851,0.978404378907011,0.4149089147212817,0.9630122820345964,0.6774125789399865,0.288925185770265,0.2651488790630573,0.3562683208834482,0.2090328233621949,0.0354317012884322,0.9646486005033624,0.6094863205321184,0.082116480426293,0.2288950304516286,6.366666666666666,0
0.4732092678960903,0.4266052588672419,0.180284473893088,0.1998945205113262,0.7104939959907666,0.4522583359730896,0.3309232807639841,0.7176443450519009,0.4014830785271661,0.7936451477446791,0.7177538414431103,0.1481710205792505,0.1625016038126698,0.1935642068888496,0.2339086794721847,0.2247599356185084,0.7980047033420556,0.2362143408850864,0.2887025034462662,0.2526063923348309,2.966666666666667,0
0.5235211818920457,0.4418372559169641,0.2186493096654462,0.2204942674344558,0.6345359131437399,0.6920061714684868,0.1965091283916453,0.9333131201660668,0.4124738566659424,0.8492789185342666,0.5602314502296463,0.5007884744623071,0.3665928533794229,0.2091117986339586,0.317983090424383,0.0707330897135108,0.9323306010762908,0.6968214157964806,0.055855124340339,0.1302001485778755,8.766666666666666,0
0.4773145097333627,0.4401587198000206,0.3207310916748889,0.1276324573322174,0.5769126245426731,0.688781333104313,0.3367727949342586,0.8606484042525635,0.4061911438059903,0.6797335308869225,0.6643633187670693,0.2859924715246023,0.272542494997501,0.2700795143418395,0.374635213746975,0.1702315878056908,0.8821768700626429,0.6162629185338504,0.1104032124642727,0.2746410958361838,2.6333333333333324,0
0.4229917608920835,0.4044615631482222,0.2120487549953368,0.1077220568070862,0.8516272062127516,0.8453955581375413,0.3894240894446795,0.9592229517255096,0.4146161758186712,0.9392546028656495,0.686473583028347,0.3778057345767698,0.3201206869846446,0.3026758180809429,0.2931119140616536,0.0481288555407831,0.9618519496923854,0.6354094916695716,0.0556799666786083,0.2113610435284243,5.166666666666667,0
0.4474266067598372,0.3953111177726707,0.2568474038276938,0.1664241643738867,0.6896906433387033,0.6690207693417113,0.3674681114337229,0.8635416696569664,0.4064422974355453,0.7687930187903085,0.6340346204892642,0.2958016803056169,0.2486254242411052,0.2873852521329769,0.2665321924819148,0.1797822777350118,0.8785008393646779,0.5033894160802442,0.1491200205712151,0.2860509671337139,6.966666666666668,0
0.3309431980005484,0.3119574813927687,0.2342158204796111,0.100472698316672,0.7236026186107207,0.7175680345880904,0.2184285805465572,0.8998943945835489,0.4088144778175356,0.861973519556454,0.6790316984417976,0.2503406506909581,0.4026473002306471,0.240190436199219,0.3526163038308234,0.3139318963994357,0.6961314083077148,0.3485411131854572,0.3204055590898307,0.0327735940532699,6.6,0
0.4340374523527124,0.4372501908804983,0.2673990384508267,0.1871793910718352,0.7164679122337914,0.5216406445773588,0.3820854639326217,0.6393393889207295,0.4011291266163549,0.7196994520965809,0.7251066768406371,0.19961486629764,0.2128671489592697,0.2111388945177136,0.2193808164667362,0.2010390152278573,0.6563528792870662,0.2428255370587543,0.1795913572066428,0.4091751755807139,5.133333333333333,0
0.3524771936496799,0.365538790563969,0.3319671281133715,0.2411224030717605,0.4717694920422202,0.5713846406966111,0.3467394398196253,0.5817349360897497,0.3855744200434117,0.5109175277967001,0.531334945710527,0.5095155135076211,0.498291237874496,0.2038971847735115,0.3711035389179705,0.4525960397840242,0.5092125934247457,0.3575250570676623,0.3423569779415956,0.3374509992329261,4.5666666666666655,0
0.2842199316949327,0.3134233926649208,0.3505210386382729,0.1794487358492427,0.4499423083134791,0.5912226898540885,0.3529267387077061,0.6297227635308837,0.3908299825886289,0.4939425999544372,0.6403053515019616,0.3126344935993293,0.3604381166496516,0.2516612931265795,0.3721315351654097,0.441785269292036,0.5489577607812327,0.3730321846346519,0.3487810823948196,0.2467564245553528,3.933333333333332,0
,,,,,,,,,,,,,,,,,,,,,0
0.3474761122018108,0.3181268897305173,0.2397481804880661,0.101708725649726,0.8869476642231852,0.824114089264654,0.4428855091120424,0.9647608594325392,0.4147335402032587,0.9387973606279378,0.6949987781380259,0.2397090517487121,0.1651669524440749,0.3005396884166975,0.2075658177746872,0.0432373916629105,0.9710907204486062,0.6944784960306691,0.0731592114917315,0.2219923008338179,9.733333333333333,0
0.4177359937446534,0.3745748726922244,0.2814025851720753,0.187600214516042,0.8245344161755771,0.7768711437393431,0.4952025577051663,0.9114527675127296,0.4100305508169705,0.8490473090440517,0.6166523911632211,0.320196002813754,0.2620857664517622,0.3213760396556994,0.2097387701454535,0.1278438688648715,0.9125713565335608,0.5601834499591134,0.1072384633606504,0.3827671544776699,12.599999999999998,0
0.4582581848334656,0.4263865202015404,0.2210112033612757,0.23322147055885,0.5605718044135757,0.6316221554279562,0.1830923994916844,0.8052928590700248,0.4025671839624085,0.7187207297394963,0.7097765981266919,0.2983494976386118,0.4237120348298987,0.2058575923046336,0.4116558287559392,0.5282705255666141,0.4292576011932727,0.2605331527996515,0.2886264558158412,0.0927014035927758,4.133333333333333,0
0.3629319056617084,0.3323973186936572,0.2107871948991358,0.0917091279093957,0.891168671236691,0.8651126993609947,0.4504796981102613,0.965823447753139,0.4146713602473126,0.9300745568851096,0.736514126837414,0.1643188166277846,0.1744408593140144,0.3260798083696165,0.169501768129247,0.083284876171687,0.9237292710239888,0.6779999195722475,0.1098932945297251,0.2036017442065226,2.7666666666666666,0
0.3551508247772201,0.3401920483155611,0.2620547170205579,0.1361052170212164,0.9322796418728784,0.8652864257955896,0.5108512541771908,0.9813286228135988,0.4150998381749745,0.9431743570568796,0.7458699161285012,0.1859312720877342,0.1842124544981625,0.3058447914354286,0.1517745875169676,0.026198417707579,0.9815300442067482,0.7378785150482521,0.101627451139489,0.2412261643132709,2.0,0
0.3202941845999123,0.3803953048387685,0.3779559517350004,0.2289252409381579,0.423173853594774,0.563119942083869,0.4079847704365938,0.5164140658814681,0.3840259871229625,0.4525247565599503,0.5712015207354294,0.5413823657677861,0.5404508240156194,0.1816368876732157,0.3941124782652634,0.5270124528340844,0.4078218728345305,0.2852338305306608,0.4231716190100522,0.4435051280592831,6.666666666666668,0
0.3606168939160658,0.2436593734971977,0.3880154912584539,0.1104444403803746,0.4876451591614915,0.6186290755265761,0.3382177619233597,0.6993642921294285,0.4064401751671765,0.550522281293515,0.708411796423984,0.3076502725524597,0.4134363628091427,0.2428695216883139,0.3624615323374028,0.5066958428459667,0.4878111301825432,0.3296668011401371,0.1651695993157295,0.1762219396875515,1.933333333333333,0
0.4593911627846686,0.3688902618089241,0.2799767178858636,0.1811299246477873,0.7565863629954288,0.7574057232302875,0.2773413458090951,0.9466768918636942,0.4140611725088813,0.8600377135621514,0.6678041686962111,0.3451078602348523,0.3506321288296919,0.2653101062464892,0.2879098360302276,0.0532571605121871,0.9616875616023014,0.6421726366746202,0.0902363304019957,0.0429987148336261,3.8333333333333335,0
0.3591445937456214,0.3612159740746473,0.3045885678236797,0.2602138515287926,0.551216076298725,0.5802934216247505,0.2893337868531253,0.788127384914044,0.4061808455779357,0.6649893830716661,0.7572696681977187,0.1780419913108313,0.2781435237473073,0.2581268753818948,0.3460641277701897,0.4538723242717516,0.6898492249362521,0.2813959605573493,0.2050109983576157,0.0678467548363819,0.1666666666666666,0
0.3589945413400396,0.3571852953567971,0.3180954568692713,0.2451901133507822,0.518133704270811,0.4833928806382781,0.3061960294595036,0.478672489788806,0.3913056758764525,0.4791511928443006,0.5824706739502507,0.5741484711406931,0.5707245868191377,0.1421487196615442,0.4119147385128976,0.5205792301548519,0.3524505572761217,0.2449968653889693,0.3940501199508376,0.471445715446858,3.899999999999998,0
0.3848868229414967,0.3572522196676692,0.2522187936699087,0.1798899154176858,0.5904682554128715,0.5780600606704523,0.332319737892822,0.7872177686366821,0.4003612344503295,0.7131176819011312,0.6203027564341269,0.2777656142230029,0.31986010331789,0.2711312903321658,0.2708385979512941,0.3109501184188576,0.7242847692049333,0.294399361903425,0.2084464045056051,0.1226107455633715,2.933333333333333,0
0.4813736508140954,0.4732471479930958,0.2063285322336087,0.2787562216313053,0.7556099168083096,0.6442958861552531,0.2129337722330266,0.9229642471852876,0.4127917496734675,0.894306241908038,0.6842051640117007,0.1815644158488604,0.2166446590969367,0.2617450914726498,0.2390096271948449,0.1008141942196783,0.9440520670601368,0.4127285261877908,0.2206487422125406,0.0385501933757808,3.9666666666666655,0
0.3833321613801103,0.3744843277245449,0.2221028051717357,0.0908325455641793,0.7999870162015967,0.7881725862450646,0.3272966000054157,0.917524789393087,0.4072143964967964,0.8870473864710778,0.7279451717282898,0.279582411292318,0.376660074085374,0.2775062229043941,0.3007591938646731,0.2010548729827928,0.80430375462132,0.4299709479005444,0.1772404412570741,0.0658489576723683,1.9666666666666663,0
0.6170549474580328,0.5246867346809904,0.2275202022820187,0.3193451401058926,0.4567307781166884,0.5496797183605732,0.1389195796982954,0.8367106313587469,0.405752327619028,0.6909036730544943,0.5206621174834555,0.4897240715166591,0.4012867517323173,0.1675747209728455,0.3808602411032896,0.1065143491010785,0.9002582695708158,0.6922502423943684,0.0651791363195169,0.1367222229893536,2.333333333333333,0
0.5313181053956377,0.4843752886469405,0.2639341480190864,0.2295014964053405,0.5613908972636266,0.6039683470716305,0.2143278508439225,0.8179013473798348,0.406622224247774,0.6361585150221579,0.5773970732244625,0.3261555500533178,0.3364412219520991,0.2767471844949178,0.3211688141393019,0.2263016743273428,0.8422560470671548,0.4828870558683933,0.1578018561245592,0.215902666338658,5.033333333333333,0
0.2795020871890205,0.3068448042974077,0.3659435516781936,0.1425016612414122,0.5878781979188458,0.6965547237312263,0.3805089582968434,0.835503892068357,0.4088828141865411,0.6668522040344128,0.7833475771719816,0.2038197188837024,0.4214915968178942,0.3056616165357828,0.4386804056588169,0.4380702495494607,0.6455612818989237,0.2961453663814161,0.1657313068648215,0.168070162689739,2.433333333333333,0
0.5090911226093562,0.4240809922344106,0.2925073527065173,0.1695635392317843,0.7224482760022775,0.6901756185305435,0.2857152771369545,0.920834208427141,0.4139201982155425,0.8082491706331494,0.6432307646767258,0.3228975538532991,0.2317128742335183,0.2587504086543358,0.2004831184355171,0.0537957599148634,0.9559098683637745,0.5051869425419948,0.1390752082548809,0.0509918507597074,2.9,0
0.4121836787617005,0.3974168170896572,0.2400745604973524,0.1431860169954575,0.8869309564417838,0.8104786840290145,0.4406928380558489,0.9560438633984496,0.4142617628268107,0.9297852588760256,0.6645053916261936,0.3942043033595895,0.3180418036418559,0.3311623301527282,0.2748457671831738,0.0944373258855347,0.9312630123569176,0.6124650124067279,0.0680676232405924,0.4697028006850093,20.466666666666665,0
0.5387797716555841,0.4350204058005529,0.3000354364622987,0.2107830389994349,0.6705573826295625,0.7100584410561518,0.2386192549536358,0.9081363525262832,0.4098868033589259,0.7577560122849024,0.6420147574543831,0.2954640980663073,0.267324146828753,0.2392133410673693,0.2159962772180385,0.0773887075510413,0.9293343244240077,0.5048883845612281,0.1333236787869624,0.0329482536740061,1.7333333333333338,0
0.6192881867141617,0.5456908458789798,0.2827556234259177,0.2454944184556746,0.7919472955575112,0.7761785417929952,0.188251198894299,0.9309006039864344,0.4093395672303667,0.8571462986491115,0.4807717364953685,0.4336632749668499,0.4973348851456691,0.2762960353136591,0.2502847247406333,0.028978425796945,0.905056986109842,0.5534247929809066,0.0487315437050285,0.0874311430585342,6.133333333333333,0
0.4375622749358944,0.4222882602645477,0.2547612176252022,0.1517818802986212,0.7094163480111205,0.5465621782721245,0.3960058422714231,0.8053761415233649,0.4054146762245318,0.7636195725926174,0.7702183077636057,0.1265298115347411,0.1979093674757855,0.2049032107339761,0.220317008509427,0.2133084139686043,0.8023988279930983,0.264196546052807,0.2653327680804206,0.1694063860202424,0.6333333333333332,0
0.2160999592841259,0.2581394055130815,0.3132766839614134,0.1467089410681094,0.5502226962149803,0.5953361885322687,0.3520424901370208,0.786618003864952,0.4044480927344519,0.7279224224021802,0.7781250632938562,0.1078442893491299,0.2332287772886487,0.250385604016239,0.3236927455936766,0.4538363726155993,0.7002320173016445,0.3507511956659896,0.3027403836144029,0.1959560877878285,0.6999999999999998,0
0.4073214232536074,0.3881743508468785,0.1919099164591046,0.1557857761288101,0.8325616256515695,0.5748963726078441,0.4155515794909247,0.9132818526034032,0.407490270538396,0.9088978421271976,0.687212532957483,0.1454515297184515,0.1112830603356268,0.2634028691626295,0.2118343934995849,0.101088185457999,0.9290729705528478,0.416393493269754,0.1864975975331037,0.1191701564490128,0.9333333333333332,0
0.3295590138707402,0.3474273616528737,0.2398207190390476,0.1027505310566942,0.8393559904224135,0.8080663922108939,0.3769637974754923,0.9372884956371754,0.412715804101575,0.9070016875079876,0.7992750567097812,0.0825506409653128,0.2347255417347936,0.3139993514643464,0.2606845757953993,0.2420867313453393,0.8190585820022275,0.4373630098481441,0.2718166504872518,0.1797184902860439,0.9666666666666672,0
0.1801414289585586,0.2550213437648452,0.2607965162350861,0.0954077101104989,0.7096123692158662,0.726415077312275,0.3719345215945829,0.8803928981096081,0.4071204451256344,0.805283733037667,0.7830631971378972,0.0974975735903226,0.2385497741940624,0.3120076380388487,0.2945508153062079,0.4625483390898555,0.6808270713005252,0.4073255400514206,0.3189865820249071,0.1361321566470133,1.0,0
0.4399096044593322,0.4047881682475237,0.2116806841036489,0.127329152747998,0.9070519672741264,0.7814360239500308,0.4610386498594434,0.9515578231893432,0.4142501649723602,0.9451026116781748,0.6708025992803835,0.1570196873757177,0.1423334601103016,0.3179445635429287,0.1846254793200132,0.0532833721559176,0.955365369795248,0.3961303244780814,0.1317098596123938,0.1534484763141459,1.2000000000000002,0
0.4673589118923995,0.4532716898688275,0.1916719519223352,0.1478438416902485,0.8919591710045341,0.6383112287313595,0.4380747475540474,0.8847985924207925,0.4106947202534891,0.9161876245814669,0.7143538588842009,0.1443934299186193,0.1351122267208418,0.2527710917870299,0.1975300529532271,0.0887188191523639,0.923946073239126,0.315928740302823,0.2033308390500258,0.2706786310575009,2.033333333333333,0
0.1538336451734499,0.2568381638136555,0.3939698171966554,0.1559104577471886,0.6090242513225453,0.7340061409736988,0.4237727419811171,0.8061935187418267,0.4032013549328819,0.673779510084971,0.7915029295959264,0.1325915105199421,0.2151106506037905,0.2967298482795129,0.3680389252977274,0.3933860980444802,0.7467209481715279,0.4722864521672452,0.3294152342508419,0.2809458932037905,1.5,0
0.2244683804171733,0.2150524117277701,0.2969270124031981,0.1312181201084559,0.57582777924169,0.6309605698022707,0.2641193440800368,0.8121275063710581,0.4007649985432562,0.7303684735752937,0.7469471861116146,0.1416692644479862,0.1975336384056226,0.2081570053420311,0.345160658612899,0.4288386628274845,0.6321224555870386,0.4426378849101008,0.3065043523461898,0.1111801694694568,1.7666666666666662,0
0.3275070871324514,0.3092712928970667,0.2967988475675953,0.1172651926905611,0.8470515080277805,0.8104762424935538,0.4770750558813616,0.8963906337990276,0.4119218439784236,0.86220338686163,0.7381929243473371,0.1864369317098735,0.2544789815296114,0.287840477888511,0.1830081458053713,0.2558255682832626,0.7979506838580497,0.5051111810124662,0.1298762355132147,0.2435006586777346,1.7666666666666662,0
0.334830617850834,0.3326827230639548,0.217183765696916,0.1522602666522074,0.8249229571608216,0.6725285708999481,0.4259392657882092,0.8834083948227431,0.4150998381749746,0.8648867785829227,0.6700491862445581,0.1347950891597496,0.2009667428063072,0.3147156821588029,0.2347141455899963,0.3614005603342334,0.6849154840397265,0.2246370763770952,0.278547917636431,0.1071889970557309,0.0333333333333333,0
0.4740640581418854,0.4305136011751386,0.1559167298929576,0.202053092682293,0.8140457212256065,0.5598060909054763,0.3324609462530323,0.9073347857115972,0.4034950921098819,0.88747992763016,0.6588498429448874,0.1912785660218733,0.1340240997793395,0.2454711949385283,0.1985359234161983,0.1065074237689088,0.9149831788341892,0.3398103442537828,0.1957770011205219,0.1728145079663577,0.8000000000000002,0
0.6055827451580535,0.4613582928476605,0.307204266367434,0.26420718487012,0.6137838685174399,0.6384064453428384,0.3955493805113903,0.8778971623469616,0.3986168266885628,0.6837373738785567,0.4490918087359654,0.4266872882935815,0.2663993016698828,0.3429108578001933,0.1923975907477926,0.1339658325351976,0.9077515803222186,0.5462629043651216,0.1235786045641457,0.394007768605163,1.6,0
0.5964347557872008,0.5163539194778909,0.1723917419730875,0.3503045809418855,0.7204347939183678,0.5120390104806875,0.2284854970861591,0.897061343158539,0.4063160579962362,0.8639469936241742,0.600235462015086,0.3295704817049681,0.1740390548254138,0.2453133909567856,0.2082207868818273,0.0607347859662725,0.9331870339452036,0.4998442864004635,0.1073334987204317,0.0981589559237087,1.1666666666666663,0
0.2400928544006714,0.2610741401541802,0.2413446428405174,0.1204530187733659,0.8289397262337922,0.7903962619543096,0.393458467520216,0.9039885505756412,0.4095133326711412,0.8567492809187484,0.7963277418917397,0.1939325661329908,0.168156759778881,0.2617914277369487,0.3083783483010184,0.187025575810809,0.8902286848074143,0.5687712074128906,0.1093641125226431,0.2665013960425,1.0333333333333337,0
0.2618262944558346,0.2371991055754838,0.2642383234178381,0.096436787353587,0.794163424736232,0.7465327340054813,0.3572359253473777,0.9093005291049678,0.4100074478745099,0.9075847882778856,0.7471364226922029,0.2335916104416469,0.1380805245512219,0.2403405856096634,0.3326240406177511,0.1707987396590327,0.8839129446218537,0.5942293393617475,0.1387258231279161,0.1327630481322546,1.4,0
0.3218245713342338,0.3361189050422417,0.1770243276984821,0.0754023244648379,0.9622380075773452,0.925728644040856,0.4364530743167918,0.9872389868634072,0.4150998381749745,0.9850692747990064,0.7596779571792623,0.1512208494268805,0.1208692709195906,0.3517739343143714,0.1833397653433845,0.0226465309967209,0.9928585447435496,0.7113202679020151,0.0503377985120832,0.34165770085874,1.7999999999999998,0
0.3912064887534646,0.2602401120106605,0.3059024751554448,0.1047433333048307,0.7992736075006938,0.7931057279553404,0.4461984555056498,0.9498468463240582,0.4150998381749745,0.8621229252176906,0.6464657164134044,0.2671305166474819,0.2870768719998804,0.3158679768575111,0.2036176087716702,0.1355252511690414,0.8906787498896467,0.670248444443219,0.1399901551288274,0.1162400194703339,6.466666666666668,0
0.3326046055259857,0.3235691489150691,0.2861751635288707,0.0999059195619202,0.9266079328588072,0.8815866627850183,0.5345444669515113,0.974191073992641,0.4150720408491475,0.9179518997771982,0.7770245134195525,0.0894636835840192,0.1605832663911457,0.2697308165806241,0.1183027746750908,0.0540829700099357,0.9787674497748076,0.6409272129776177,0.1615863952487902,0.2548938789054495,8.0,0
0.4444095196933598,0.3785075639916254,0.2097974949257178,0.107623614500565,0.9572580066389844,0.8661138113505399,0.5268540476524052,0.9621992918917134,0.4150998381749745,0.9601868017688104,0.6133536220311737,0.1563006208918817,0.1997009906944459,0.3696778482071269,0.1436049648391572,0.0578274400162239,0.974728549882031,0.4216317754828215,0.1011775274062357,0.2479655556506131,7.133333333333336,0
0.320802434063151,0.3290871748621166,0.1619411842600087,0.1053966145634559,0.9395716806318613,0.8553246535207109,0.3785767552043734,0.981116864585397,0.4150998381749745,0.982285180023346,0.7164830316195884,0.3013623247435699,0.1468637073102087,0.2968638943005932,0.2630999885066707,0.0272722155214187,0.994608469168146,0.7253593410499727,0.0536235134189699,0.2252306273323,7.5,0
0.3937051763049608,0.3177970639463808,0.2452897271702032,0.0654543114112791,0.9073837284968296,0.8683400089629069,0.4259656434688949,0.9772792475600738,0.4150998381749745,0.9546864218301886,0.6499216515256208,0.2487378502884283,0.2040740203229252,0.320277982648065,0.1754334418872654,0.0215204167691733,0.987794868705722,0.6894103331323278,0.164837842956692,0.1595481023840093,7.4333333333333345,0
0.5251694476264823,0.4844045909564703,0.1934236979165262,0.1657701787723659,0.6316826787259895,0.621542970580077,0.2753586322362657,0.7964402935038696,0.406785279266156,0.7660668024037466,0.5416157772797023,0.4342122570035607,0.3447350924430808,0.2434039995122849,0.3428866623053745,0.184101189103906,0.8158214374280571,0.6569476229985036,0.1285221097835387,0.3050569348341089,4.533333333333332,0
0.3791687139093234,0.3180256932172129,0.3564362626908717,0.0886304818504917,0.8094548812223956,0.7788990601990208,0.4479991125722086,0.9463406941255588,0.4124600269564759,0.8567953956581474,0.6922098521478295,0.2726595702897146,0.2733451279584465,0.3266572153355211,0.2397116714419826,0.0758373582967444,0.9458697650300236,0.4639127143989015,0.1696333558914036,0.1445151649153192,3.7,0
,,,,,,,,,,,,,,,,,,,,,0
0.172093980579613,0.213269466336307,0.3655975382124102,0.1933997123845645,0.666377444764532,0.7132317680510055,0.3654991222549242,0.8559580335063535,0.3997375769642297,0.7009309236307021,0.7817443374737327,0.115084928592872,0.1299787531142514,0.206117767052727,0.3351486866479497,0.2230791272325797,0.8428735839498342,0.5597296769708604,0.2414678094003141,0.1577243758459416,2.7666666666666666,0
0.3325214529757115,0.3154509319871121,0.2469131469424668,0.0950498592208657,0.9300075303128398,0.8839495250513569,0.4980310593703969,0.9844625777921586,0.4150998381749745,0.9495445328794592,0.7559811105550169,0.1420537696826941,0.1514031569949021,0.3070011201198324,0.1387096284188134,0.0261008185695143,0.986380954325655,0.7131686644844316,0.0839437642274527,0.222067246398136,7.0,0
0.4298031310930507,0.3819764787473916,0.1856328463147362,0.118017554230826,0.9180216515234716,0.8130033558721481,0.3526311759564495,0.9377940959410468,0.4148890527658607,0.9468020840487518,0.712085219357499,0.3431687160144043,0.2931814195107723,0.2829022591959172,0.2722805433431011,0.1489192645094453,0.8564150295576322,0.5698276541753383,0.0801037694272067,0.2605080487936293,7.033333333333332,0
0.5157905542097811,0.4478059870366324,0.2476249863746058,0.1491067203518395,0.7105252728533579,0.7556623415096269,0.3409741529301504,0.9346626991338272,0.4137620599878356,0.8252162791715013,0.6495727408404712,0.20235658136482,0.232735111639115,0.3071863876539523,0.2570253081364739,0.1252617990667929,0.9499494009020456,0.6689556247030967,0.1539875463560262,0.2080299678534908,6.633333333333336,0
0.3163662175936357,0.3235386345865249,0.261306169958453,0.0708684133550981,0.9545606071574364,0.8949954272326851,0.5323837522479463,0.960528431285524,0.4150998381749745,0.9546416675331588,0.7498254937499179,0.1680034761697363,0.1859890365933682,0.3361395133320532,0.1492140449740794,0.0876114287764835,0.9283943207785124,0.5896940808244155,0.1017623720958823,0.3682198064698248,5.600000000000001,0
0.4869431179551055,0.4285885895969856,0.2166446591974943,0.2278557873177941,0.7607356610228874,0.6482555240303169,0.3459099496951777,0.9163824198360236,0.413074615872313,0.8594342276409551,0.6599331545368357,0.1890208544486279,0.1726129033297773,0.3038308977711855,0.2124051984591784,0.1412706835881693,0.9203744477536564,0.36641567425533,0.1671821198852524,0.128195883057329,4.366666666666666,0
0.3340028224770318,0.3459163713886433,0.2786850678615303,0.1489978235491061,0.7682811858278668,0.684701779675101,0.3879418840061895,0.8866572060028874,0.4141369963679185,0.8449640524498425,0.7120051130153517,0.087814370060295,0.1630400215959167,0.2831053186370084,0.2196250269145794,0.2324749057109488,0.9074014617270552,0.3499429080382887,0.2746216235092276,0.1542425686250808,7.200000000000001,0
0.4533115012295163,0.3929231052307143,0.2627601025031623,0.2099318732586525,0.6316644590215669,0.5843371380104699,0.3679052077829187,0.7533293957282878,0.4002088183497402,0.6941973668048802,0.5354681661135184,0.4274528996549888,0.410010779077758,0.3027039981171431,0.253197770224403,0.2775376230739292,0.7089566181800957,0.3418957432054728,0.1439361156819087,0.3264542849021137,1.433333333333333,0
0.4769920923221637,0.4260982999758998,0.2724950922162678,0.1759858026619928,0.691977294032853,0.7100371077484835,0.3748342763031225,0.8773562170643833,0.4077871551347259,0.7724437809044621,0.5980334574020221,0.3279547700356306,0.2720115172781939,0.3125661240600983,0.2577396391376353,0.1413607679942184,0.888401802526905,0.571185632601994,0.1291140739707153,0.2351670687432822,5.133333333333333,0
0.3611677072322872,0.3371913029090845,0.2510044370975945,0.1455405854546368,0.7132634677079888,0.7468950042002879,0.4043208008959552,0.9041408341243348,0.4124401717969734,0.7953828560403572,0.7231399111080585,0.1595937365037257,0.2003529647506342,0.2548008744971857,0.252662973977989,0.1282518619448334,0.9253110490929722,0.5701057149284691,0.1373530680704553,0.176775548498229,6.033333333333332,0
0.2473699134185153,0.2595714171493004,0.1904881614336399,0.1550112870305909,0.7888976154818348,0.7539753924097183,0.3010353728802841,0.8651395397142939,0.4145386958966001,0.8452918499843118,0.7920446645142114,0.2186897160682801,0.2666810627370094,0.2018865859633708,0.3129649701297584,0.4442063683690067,0.5855383159351188,0.3968198306655934,0.1649010203535563,0.1932663086847291,3.566666666666668,0
0.4002422780748255,0.3681747359510131,0.2529229507299181,0.1286795780986529,0.8256226001506077,0.8128324377523851,0.4014578679634065,0.9248389486628052,0.4133541983419402,0.8786887329453555,0.7700979896645275,0.1920159808178419,0.274819928959039,0.2611140357389949,0.2452834741252431,0.1203822118905814,0.886923435311173,0.5428517613943411,0.1242579373361661,0.1739562509998474,5.133333333333333,0
0.5047380143171676,0.3688193351441139,0.2959382298842506,0.1380853269574146,0.7898169879808303,0.7662817916443937,0.3947255171664733,0.9520140216724814,0.4146462195052844,0.8465313289591653,0.5917881780544634,0.2397570939353551,0.3015929667019256,0.3176251280569175,0.2204098823574609,0.1781541234419408,0.8934563157497769,0.6049557588529998,0.2054066500742857,0.1010762791529053,7.5,0
0.3030252419675029,0.3059261707831617,0.278063731868074,0.1257861605263829,0.8223331460586117,0.8304022543998604,0.3308789333092635,0.9352847938050924,0.4150998381749745,0.8748271079915142,0.7835156231534046,0.093258753596465,0.2280765846060296,0.3258634994536395,0.299355847401679,0.2565124073053766,0.8941285998016455,0.4200922291747738,0.2810948670629507,0.1142238712771097,7.5,0
0.4127332960960098,0.3684536482398228,0.1991993212627573,0.1216115611769207,0.9211825595162948,0.7806106292970517,0.4669844774107339,0.9528976342899984,0.4131092530000816,0.9580370981724552,0.6323129207010747,0.2804057799946134,0.2029494257148005,0.3623074750225963,0.1659125287520314,0.0375645247511969,0.9651617815145614,0.578842973790014,0.075456933322229,0.2704466776138124,12.96666666666667,0
0.4477288493694877,0.4317385403223951,0.2249323299813526,0.1598879677873241,0.8317074347921154,0.7029320132629002,0.3322802629079179,0.916483609695199,0.4143700541978916,0.9117326841927352,0.6930302309546182,0.2567251559354518,0.2853263622720178,0.2796796887470972,0.2358897212415865,0.1175687798545289,0.88906956028533,0.3594600718419009,0.1580703123049605,0.0792538108735637,7.0,0
0.4016391071821665,0.3590404905750032,0.2313323913782859,0.0759786748396147,0.9608248360610068,0.9092619513961018,0.4901798530164644,0.9875980850804988,0.4150998381749745,0.9646567948831002,0.6885042255145067,0.1442920805859734,0.1472408283809269,0.3552877890798017,0.1395255315505749,0.0215356934893768,0.9942692220269944,0.6484295497061913,0.1002093735992584,0.2056343324842052,7.0,0
0.5061339722216053,0.5001471304213027,0.2129691691767603,0.117717452009088,0.8094511186369532,0.7482437656628015,0.2948997240330465,0.9285261234784482,0.4133224524544425,0.9233237477407408,0.6160451437983728,0.423489297987112,0.48103848483254,0.2710371786080876,0.3755645665264877,0.1844355522696109,0.8230187858352446,0.3867913352503608,0.1223021172982408,0.0348090996581333,6.433333333333335,0
0.3585897613217604,0.3257375376939569,0.3218344087998129,0.0924950461601302,0.950458952910596,0.8644402988225185,0.5261083560550855,0.96414725166186,0.4147403233812415,0.9271196241911608,0.667080275883183,0.1436839065481137,0.179811807950029,0.3572120692227093,0.0947451412474953,0.0637799257832154,0.9546041764960748,0.5921368740444798,0.11666501213829,0.3850519808951789,7.066666666666665,0
0.3931004418641395,0.4361992110012431,0.2175843873510307,0.1931989280353752,0.7262988488420802,0.6331726624069075,0.1308902777860802,0.8504721644557378,0.4126506242805791,0.8651930838174459,0.6351899056590148,0.3476189988766094,0.458925199497677,0.2285738381007149,0.4171327302083857,0.2102246162490137,0.8364633358893643,0.3045210942637847,0.3435421532728652,0.0262035061526004,7.066666666666665,0
0.5088084995337043,0.4361759822294919,0.2830825996841407,0.233913752184814,0.4464997476110469,0.53639308648747,0.254868774296949,0.715561145329366,0.4044324614219305,0.5941948317949947,0.6724451796763781,0.386272970263546,0.4580179517367056,0.1912458725424149,0.451416387316684,0.4618089129151277,0.5023789851501431,0.3968134416141699,0.1180319329633041,0.2815359746418889,4.100000000000001,0
0.3770132599290722,0.2369481782731657,0.4141973925907333,0.1823537642974556,0.4966520357298926,0.5977480992085955,0.2396097487078688,0.7659877983076793,0.4115290344358097,0.5321442636495175,0.6290376967223632,0.4309218115909364,0.5674384615061006,0.210821556923859,0.4308680927084614,0.363932814312799,0.6317372015133988,0.3864397731158514,0.0935695960149976,0.0384228276690996,2.866666666666667,0
0.0962843538181628,0.1869727819275963,0.3260097029515231,0.1180781514688698,0.5513199905637888,0.7132935004457267,0.3253812527949491,0.8774914287702075,0.4054899323327889,0.7366787226519248,0.8079302150636293,0.087272418537437,0.140542456128482,0.2517454213508829,0.3572908910302514,0.3039043085482151,0.8662507540706703,0.5324557141692352,0.2650298526744813,0.1259344472720188,1.9,0
0.5523106026987422,0.4522451329707528,0.2045901891471957,0.1586700268535739,0.8123532395806752,0.7726738900239489,0.3552258643324359,0.957700942006631,0.4148885539486402,0.9133510862474684,0.6413234186558944,0.3917313576758094,0.2797536044964097,0.2885850385234709,0.2988602689248677,0.0587685715086271,0.9725607840371572,0.7482532145315308,0.0703679402337253,0.2958225408960271,6.4,0
0.4234354955071616,0.3695110636268689,0.234066439099392,0.167339819759935,0.9019839746877087,0.8128899509851456,0.4606523821057576,0.9679016370394916,0.4131985317311828,0.9493280264213976,0.6107790829565621,0.3235452600957548,0.183578626927111,0.3688787799658337,0.1687812789251927,0.0401674811195435,0.9758600617458658,0.60953022508981,0.0663578086265893,0.3854234188137297,10.299999999999995,0
