frame,FaceRectX,FaceRectY,FaceRectWidth,FaceRectHeight,FaceScore,x_0,x_1,x_2,x_3,x_4,x_5,x_6,x_7,x_8,x_9,x_10,x_11,x_12,x_13,x_14,x_15,x_16,x_17,x_18,x_19,x_20,x_21,x_22,x_23,x_24,x_25,x_26,x_27,x_28,x_29,x_30,x_31,x_32,x_33,x_34,x_35,x_36,x_37,x_38,x_39,x_40,x_41,x_42,x_43,x_44,x_45,x_46,x_47,x_48,x_49,x_50,x_51,x_52,x_53,x_54,x_55,x_56,x_57,x_58,x_59,x_60,x_61,x_62,x_63,x_64,x_65,x_66,x_67,y_0,y_1,y_2,y_3,y_4,y_5,y_6,y_7,y_8,y_9,y_10,y_11,y_12,y_13,y_14,y_15,y_16,y_17,y_18,y_19,y_20,y_21,y_22,y_23,y_24,y_25,y_26,y_27,y_28,y_29,y_30,y_31,y_32,y_33,y_34,y_35,y_36,y_37,y_38,y_39,y_40,y_41,y_42,y_43,y_44,y_45,y_46,y_47,y_48,y_49,y_50,y_51,y_52,y_53,y_54,y_55,y_56,y_57,y_58,y_59,y_60,y_61,y_62,y_63,y_64,y_65,y_66,y_67,AU01,AU02,AU04,AU05,AU06,AU07,AU09,AU10,AU11,AU12,AU14,AU15,AU17,AU20,AU23,AU24,AU25,AU26,AU28,AU43,anger,disgust,fear,happiness,sadness,surprise,neutral,input
0,260.68457,126.80875,61.51361,75.29219,0.99966764,261.5069470331073,260.3941918313503,260.0520615428686,260.5606089308858,262.2889014855027,265.85717210173607,271.1781897544861,277.7131282687187,285.50650784373283,293.8158013820648,302.0550915002823,309.56815564632416,315.637744307518,319.8871501684189,322.8241198658943,324.9680497646332,326.4286422133446,267.1559491157532,271.2431718558073,276.2466841340065,281.3167051374912,285.83237612247467,298.89185959100723,304.20908415317535,309.89927434921265,315.24302595853806,319.02880305051804,290.9502052664757,289.993405431509,289.04610508680344,288.096160531044,281.0832031965256,284.2651457488537,287.81457552313805,291.8875032067299,295.60023033618927,271.2826584428549,275.4561454951763,279.0416934490204,282.2797768712044,278.5013937354088,274.85680812597275,300.8768686056137,305.21990144252777,308.940165579319,312.44600945711136,308.3389528989792,304.62252432107925,274.80376744270325,279.58422163128853,284.13312071561813,287.2990102469921,290.87127232551575,295.9517695903778,301.1193492412567,295.74556136131287,290.7268018424511,286.8405223786831,283.22307401895523,279.0934600830078,276.3058022558689,283.66825142502785,287.05491134524345,290.7312006652355,299.74168622493744,290.96567937731743,287.26399624347687,283.8403352499008,155.70262935757637,163.60771399736404,171.64519917964935,179.68319845199585,187.11440604925156,193.62264317274094,198.85239642858505,202.46866238117218,204.28014588356018,204.3367941379547,202.84356367588043,199.76791483163834,194.68950074911118,187.77403724193573,179.7724713087082,171.5866957306862,163.22380942106247,147.75730934739113,145.46154406666756,145.1766163557768,146.2883998155594,148.3900849223137,149.213514149189,148.4124545454979,148.58269435167313,150.27878698706627,153.64783596992493,154.04457938671112,159.44492337107658,164.617127597332,169.8214579820633,173.75204753875732,175.24230074882507,176.2706909775734,175.80283772945404,174.91112393140793,153.7086997628212,152.42454972863197,152.8217915892601,155.069406747818,155.11621129512787,154.68870741128922,156.63779270648956,155.15739661455154,155.85185182094574,157.89517652988434,158.19772523641586,157.59877008199692,183.30089044570923,181.63440269231796,180.86396050453186,181.82597947120667,181.41709905862808,182.85868805646896,185.07573944330215,186.6404641866684,187.41986048221588,187.41394621133804,186.8718896508217,185.49321633577347,183.46919906139374,183.42046332359314,183.97618573904037,183.8781465291977,184.90739506483078,184.36198127269745,184.32707679271698,183.8211853504181,0.32656216713071895,0.3032658731040068,0.32348201161156964,0.14564977632348827,0.3486496717902697,0.39435641254817017,0.34823707937341825,0.46438704114614504,0.38702755610544065,0.48356521392233004,0.5911979973434957,0.5578473980664843,0.6251519826739997,0.20124739308668513,0.3718675367110131,0.6985185322425869,0.14843768040505384,0.08884114533131537,0.29429464928697335,0.09746445700591488,0.0062950505,0.043717485,0.0012482144,0.42715943,0.047926165,0.0061422396,0.46751142,dataset/true\videoplayback_Trim2.mp4
1,261.7603,126.56469,61.089844,74.84518,0.9996731,263.0889720618725,261.738676905632,261.2227367758751,261.73346450924873,263.44151839613914,266.8829692006111,271.86473882198334,277.8958508372307,285.3396314382553,293.4717284440994,301.7261927127838,309.3990077972412,315.74406111240387,320.2492917776108,323.35321593284607,325.5946147441864,327.13555216789246,268.3441074490547,272.3733968138695,277.2475222349167,282.1335522532463,286.4241208434105,299.33086335659027,304.7378749847412,310.52902710437775,315.9495576620102,319.71916007995605,291.1189120411873,289.9164727330208,288.7162123322487,287.5272544622421,280.93996530771255,284.01171308755875,287.41924637556076,291.4695727825165,295.2571622133255,272.0396126806736,276.1892524957657,279.8401882648468,282.9628514647484,279.1377001404762,275.43363696336746,301.1998542547226,305.66826844215393,309.5463751554489,313.04306721687317,308.8883715867996,305.0250232219696,274.7688761353493,279.4186887741089,283.95394998788834,287.05101323127747,290.6269288659096,295.9467511177063,301.39596474170685,295.66334760189056,290.4018662571907,286.5216578245163,282.96931540966034,278.912196457386,276.23645627498627,283.45551830530167,286.79302883148193,290.470649600029,299.98727464675903,290.68272918462753,286.9934067130089,283.6430035829544,155.28369057178497,162.8544498682022,170.60593056678772,178.38304209709167,185.5438448190689,191.79515659809113,196.8826186656952,200.53283548355103,202.43427181243896,202.65176558494568,201.39989948272705,198.6827313899994,193.9815446138382,187.31044912338257,179.43239772319794,171.35726988315582,163.08679902553558,146.32939785718918,144.1180340051651,143.92356100678444,145.12863683700562,147.3233898282051,148.25065165758133,147.43696647882462,147.66497987508774,149.5128830075264,153.04054510593414,153.22677993774414,158.39711546897888,163.34882807731628,168.3235206604004,172.57807111740112,174.00607585906982,174.9915815591812,174.62766432762146,173.91704499721527,152.63118839263916,151.15411853790283,151.67452013492584,154.3310625553131,154.30305433273315,153.77707314491272,156.06304693222046,154.27180641889572,155.0072339773178,157.35769724845886,157.76583218574524,157.11880695819855,182.13162291049957,180.51674818992615,179.73094773292542,180.73530054092407,180.3803415298462,181.97819077968597,184.21367478370667,185.76633596420288,186.46665620803833,186.3796763420105,185.81115353107452,184.4049952030182,182.36638033390045,182.4308168888092,183.00746870040894,182.9893537759781,184.05750358104706,183.2603851556778,183.14567494392395,182.61096930503845,0.33207038331291294,0.2853927616710304,0.3042914724646997,0.15543105200323215,0.28420965295836637,0.3559490726664739,0.2811724535834491,0.4469505547522755,0.38702755610544065,0.42083904597288907,0.582280355490977,0.554045951041059,0.5143290564236581,0.16407244504539562,0.3111368656946234,0.7267904665755137,0.17029904379562016,0.09704911330457065,0.2770399207988599,0.09854908355534131,0.0034872622,0.023483863,0.0006214491,0.47915623,0.028738169,0.004416878,0.46009624,dataset/true\videoplayback_Trim2.mp4
2,261.7313,126.13738,61.605133,75.73365,0.99963164,263.6351204663515,262.14518520981073,261.5170358866453,261.81382175534964,263.13935548067093,266.16923466324806,270.9067500382662,276.91584035754204,284.5966386795044,293.0930632352829,301.7436879873276,309.6786680817604,316.1485540866852,320.69216698408127,323.8081830739975,326.0373669862747,327.5954532623291,268.0815401673317,271.83948934078217,276.5404562652111,281.3141468167305,285.5519185960293,298.19070875644684,303.6011132597923,309.41185534000397,314.9321320652962,318.89428675174713,290.2344296872616,289.01505276560783,287.79806077480316,286.5738223493099,280.4306070506573,283.3462330698967,286.6351130604744,290.642409324646,294.39465433359146,271.73377454280853,275.6610180437565,279.3404522538185,282.534831315279,278.6959107220173,274.98992040753365,300.4741895198822,304.81356114149094,308.68785560131073,312.19887614250183,308.10171246528625,304.24808889627457,274.382131844759,278.8320618867874,283.22913005948067,286.3019871711731,289.9091626703739,295.26297479867935,300.81759721040726,294.9657502770424,289.5795214176178,285.6919924914837,282.18078419566154,278.3014762401581,275.92291563749313,282.775302529335,286.07425421476364,289.7763441503048,299.3270668387413,289.8819136619568,286.1668239533901,282.85867005586624,154.50851213932037,162.07902473211288,169.92835295200348,177.88635981082916,185.4220439195633,192.1806741952896,197.73244899511337,201.78545904159546,203.78545713424683,204.04121470451355,202.6365865468979,199.69850373268127,194.75192469358444,187.88088750839233,179.7919128537178,171.48167383670807,163.04284524917603,145.65318790078163,143.39628559350967,143.22865535318851,144.46597960591316,146.6758136153221,147.51177099347115,146.62604969739914,146.8033168911934,148.61502614617348,152.13776123523712,152.91236531734467,158.0105562210083,162.91054752469063,167.85597097873688,172.45777887105942,173.87227755784988,174.87540137767792,174.52859622240067,173.84310853481293,152.55198147892952,151.11788702011108,151.59872215986252,154.15096920728683,154.31822729110718,153.8259882926941,155.88498604297638,154.1536983549595,154.87508517503738,157.20683228969574,157.6617170572281,157.03272339701653,182.8126926422119,180.9127141237259,179.99855917692184,180.99634540081024,180.56172919273376,182.2196741104126,184.67578184604645,186.41883325576782,187.14195680618286,187.08123606443405,186.52801704406738,185.15428793430328,183.0055524110794,182.89354783296585,183.43057972192764,183.3856303691864,184.51387476921082,183.7753553390503,183.69648945331573,183.18804544210434,0.3336369113661858,0.26876633192895616,0.37028801454523885,0.17235690674100215,0.2543180636374129,0.2846708356754916,0.18149444709776683,0.3621482558744699,0.38702755610544065,0.3882611249843124,0.5772748509006246,0.5914997011483015,0.48218239915826633,0.13982994242933264,0.3039916108185845,0.6846578492571574,0.17607359134758463,0.0922395750824562,0.25555248372033423,0.0813597797859077,0.006921704,0.035360176,0.0016150955,0.48464444,0.039638035,0.007002226,0.42481834,dataset/true\videoplayback_Trim2.mp4
3,261.42532,125.25982,62.642,77.29798,0.9996038,263.0415868759155,261.5754472017288,260.94956624507904,261.2083307504654,262.50388994812965,265.53426373004913,270.2679513692856,276.32045781612396,284.02682065963745,292.565954208374,301.2899007797241,309.26134967803955,315.7742533683777,320.4013874530792,323.6414680480957,326.04715394973755,327.7545974254608,267.681417286396,271.5748111009598,276.38139247894287,281.2430920600891,285.5463752746582,298.2835612297058,303.78692412376404,309.65252017974854,315.2052776813507,319.1854393482208,290.2651163339615,288.9943331480026,287.7283743619919,286.4625220298767,280.1146354675293,283.0710458755493,286.4207603931427,290.51322185993195,294.3352632522583,271.29591888189316,275.373437166214,279.11972868442535,282.3427834510803,278.430362701416,274.64604902267456,300.5860593318939,304.98512387275696,308.89862275123596,312.4574806690216,308.28322410583496,304.38747811317444,274.12327885627747,278.5247691869736,282.95510399341583,286.10311555862427,289.81064426898956,295.2958986759186,300.89334416389465,295.0974233150482,289.60530602931976,285.59317195415497,281.97840988636017,278.0363224744797,275.7241755723953,282.47007060050964,285.8440226316452,289.6460506916046,299.3915696144104,289.953568816185,286.117423415184,282.7052997350693,153.48869705200195,161.15916228294373,169.07881116867065,177.09613037109375,184.6589367389679,191.42170357704163,196.99754571914673,201.0782995223999,203.17890214920044,203.57789134979248,202.34308052062988,199.51293349266052,194.61949253082275,187.7578866481781,179.64619946479797,171.30459904670715,162.8308893442154,144.67399287223816,142.36835324764252,142.22788506746292,143.5027984380722,145.75127458572388,146.78133153915405,146.00160431861877,146.28194499015808,148.16493320465088,151.76218926906586,152.06884670257568,157.15896010398865,162.04567182064056,166.9696786403656,171.67879581451416,173.0743157863617,174.1079695224762,173.81540703773499,173.20239114761353,151.55694389343262,150.13458168506622,150.65945601463318,153.30795645713806,153.39248538017273,152.8497200012207,155.26496636867523,153.53230917453766,154.30665707588196,156.71578574180603,157.09217727184296,156.42330479621887,182.25432443618774,180.11513566970825,179.06211638450623,180.10843133926392,179.6978952884674,181.5845663547516,184.45821452140808,186.3585705757141,187.11336493492126,187.01160860061646,186.40033674240112,184.85858988761902,182.44391202926636,182.13063406944275,182.7072834968567,182.71034574508667,184.22609972953796,183.48604130744934,183.34939527511597,182.78209114074707,0.32202551940717206,0.26820441752310653,0.3866438641255531,0.17159281209347568,0.29140169236342844,0.31015556871315186,0.1642384316127114,0.43555817735280095,0.39201355050319975,0.4345680725854306,0.5535647480769045,0.5696420092160936,0.528262537805142,0.1520714587084298,0.3079075136035944,0.6579699145135358,0.154216607958886,0.08959355939633383,0.18733024727243985,0.08796536953038205,0.0031843553,0.019629473,0.0013073523,0.7691607,0.018354643,0.0025138762,0.18584962,dataset/true\videoplayback_Trim2.mp4
4,261.2677,124.76557,63.550873,78.290245,0.9996132,264.14178842306137,262.4179000854492,261.5697549954057,261.74306128174067,263.02172638475895,265.97970432043076,270.51351949572563,276.2613805234432,283.7961032092571,292.28291815519333,300.9977996945381,309.0517757534981,315.7803747653961,320.69549268484116,324.184442281723,326.74642515182495,328.5891463160515,268.77301236987114,272.61193983256817,277.38400238752365,282.1941777765751,286.3732453882694,299.1581856608391,304.7195041179657,310.6493915915489,316.1942289471626,320.03074115514755,290.88549423217773,289.46745401620865,288.04802775382996,286.61888310313225,280.17486649751663,283.1376921534538,286.5192070901394,290.7025269269943,294.61197179555893,272.1431073397398,276.2057436108589,279.89249166846275,283.04447135329247,279.1367406845093,275.39740777015686,301.22017753124237,305.72617769241333,309.6071030497551,313.0984116792679,308.8879652619362,305.0138186812401,274.0433081239462,278.49780771136284,282.9807843565941,286.13362687826157,289.9074296653271,295.48586028814316,301.2465307712555,295.22711020708084,289.62457981705666,285.55709582567215,281.9304686784744,277.96113696694374,275.61318811774254,282.4457337260246,285.83900251984596,289.7065126001835,299.72579461336136,290.03688272833824,286.14745980501175,282.7227272987366,153.21467280387878,160.81751370429993,168.7178497314453,176.7349027991295,184.27415078878403,191.02972722053528,196.66887998580933,200.87174904346466,203.08824837207794,203.57233655452728,202.38803791999817,199.69180130958557,194.98541647195816,188.24437975883484,180.18212413787842,171.85036969184875,163.3530836701393,143.8115664422512,141.46543276309967,141.324020460248,142.65244382619858,145.0443721115589,146.20635402202606,145.42231300473213,145.81239557266235,147.8905656337738,151.73748925328255,151.7718489766121,156.9467335641384,161.92264476418495,166.9278809428215,171.3485291004181,172.86334013938904,173.99544632434845,173.6831911802292,173.05677163600922,151.10070878267288,149.7307717204094,150.33793807029724,152.9843733906746,152.95614072680473,152.35824757814407,155.13122388720512,153.51314091682434,154.36567878723145,156.7846533358097,157.04675149917603,156.30489540100098,181.52951270341873,179.62588810920715,178.74433505535126,179.80650556087494,179.45125544071198,181.27885401248932,184.00383043289185,185.93893480300903,186.66365349292755,186.52453023195267,185.8889820575714,184.29387211799622,181.79891055822372,181.70681649446487,182.3193480372429,182.3566198348999,183.80879259109497,183.12920302152634,182.9664848446846,182.3775160908699,0.3390047466670089,0.2969675984246943,0.3054104721964839,0.12394979785907911,0.339691288646528,0.33249172987412823,0.25217980209500845,0.4351328586337517,0.4014997314656241,0.4823764594869557,0.5676656670188028,0.5769663786403383,0.46649304994601754,0.16342934428272998,0.3137530514921283,0.6405440918107853,0.2165793083949957,0.09258371774619152,0.1919944081409224,0.11281310184600893,0.002848327,0.019013155,0.0011061882,0.7146881,0.025277976,0.0027908268,0.23427537,dataset/true\videoplayback_Trim2.mp4
5,261.04114,123.61822,64.68225,80.06899,0.9995863,264.598509311676,262.8747033774853,262.0399038642645,262.22268684208393,263.4179533421993,266.2152043581009,270.61122673749924,276.26080971956253,283.7646390199661,292.3203203678131,301.1508787870407,309.2788372039795,316.04221534729004,321.0270425081253,324.5775054693222,327.1323131322861,328.97218656539917,268.75610288977623,272.4214524626732,277.10189431905746,281.86441946029663,285.9959765672684,298.9718350172043,304.5378121137619,310.4896092414856,316.03009963035583,319.86193454265594,290.5802063345909,289.1494591832161,287.71087819337845,286.2599560022354,279.9283804297447,282.8436539173126,286.1961462497711,290.37085223197937,294.28245747089386,272.04651844501495,276.043333530426,279.66133719682693,282.8349111676216,278.93977558612823,275.2740970849991,301.0622797012329,305.60678470134735,309.44114875793457,312.91723906993866,308.64846193790436,304.8050971031189,274.1454803943634,278.3596321940422,282.69479471445084,285.78089702129364,289.47999370098114,294.9899948835373,300.65294885635376,294.66729187965393,289.1558843255043,285.1869084239006,281.65748059749603,277.8968243598938,275.7158070206642,282.15845108032227,285.47697895765305,289.2586098909378,299.1280561685562,289.5909064412117,285.8056700825691,282.4647588133812,153.47545647621155,161.03904843330383,168.92839789390564,176.93943917751312,184.4658796787262,191.2392395734787,196.84156382083893,200.9593826532364,203.15592122077942,203.66943979263306,202.62366652488708,199.99867510795593,195.32280802726746,188.61395061016083,180.52791833877563,172.1305456161499,163.59034132957458,143.20262330770493,140.7732453942299,140.57171815633774,141.85524958372116,144.22900027036667,145.4124003648758,144.6658192873001,145.09271931648254,147.25824332237244,151.20471727848053,151.24349826574326,156.24151277542114,161.02205574512482,165.86483705043793,170.69376385211945,172.14809620380402,173.2023867368698,172.9527313709259,172.38439917564392,151.00309705734253,149.73808789253235,150.30771255493164,152.70253789424896,152.7523536682129,152.1887822151184,154.86821067333221,153.51615756750107,154.4326794743538,156.75001722574234,156.92814522981644,156.1261368393898,181.37101137638092,179.10524213314056,178.0330616235733,179.06760716438293,178.7246059179306,180.73845100402832,183.80188167095184,185.42040383815765,185.94174695014954,185.7690212726593,185.15502500534058,183.75538539886475,181.55439293384552,181.0820426940918,181.6567953824997,181.7213954925537,183.532644033432,182.40536165237427,182.19990587234497,181.63817083835602,0.33678171551542463,0.36819684225067145,0.2804541135802019,0.10959345307504473,0.29956883525930667,0.33454418779940576,0.33150330215723434,0.41410064963201526,0.38702755610544065,0.3785498398524337,0.4905623620265513,0.6082079485990548,0.46712551365142313,0.18015249683556223,0.3087400856132873,0.5816190049842749,0.22719623891843393,0.09810087795560743,0.2170126355689691,0.1933722348535128,0.0011335682,0.014983607,0.0007515074,0.73990196,0.034687385,0.0011809461,0.20736101,dataset/true\videoplayback_Trim2.mp4
6,261.08563,123.62241,64.639496,80.022865,0.99959093,264.54620042443275,262.816322684288,261.9737015366554,262.14930737018585,263.33659067749977,266.135854780674,270.5623896121979,276.2563325762749,283.7829125523567,292.3509258031845,301.19883489608765,309.3376258611679,316.091952085495,321.0546771287918,324.5818524360657,327.1144324541092,328.9302325248718,268.75091674923897,272.4068401455879,277.0874470472336,281.85822677612305,285.9940518140793,298.97687005996704,304.5328793525696,310.48407208919525,316.0217822790146,319.8481637239456,290.58949768543243,289.1688647866249,287.74055844545364,286.2970121502876,279.9565659761429,282.8788620233536,286.2304500937462,290.39844965934753,294.302853345871,272.04358714818954,276.03605061769485,279.6555699110031,282.8395649790764,278.9470329284668,275.28112894296646,301.06274926662445,305.60308861732483,309.44159507751465,312.92602133750916,308.65786719322205,304.81248462200165,274.08861416578293,278.32434040308,282.6842015981674,285.7780331373215,289.47682762145996,294.9850435256958,300.63738346099854,294.6617593765259,289.1593688726425,285.1910647749901,281.6542564034462,277.8694919347763,275.66041457653046,282.1503940820694,285.4766558408737,289.2574080824852,299.1128069162369,289.59045082330704,285.80562591552734,282.4569203257561,153.6516271829605,161.21173226833344,169.09818530082703,177.10327100753784,184.61907422542572,191.375390291214,196.94369661808014,201.01342916488647,203.1859827041626,203.6937735080719,202.67079043388367,200.06356346607208,195.39174115657806,188.6786994934082,180.59593558311462,172.2031329870224,163.6688610315323,143.31538873910904,140.86710500717163,140.63105192780495,141.88695454597473,144.24485856294632,145.38523066043854,144.62550175189972,145.0471110343933,147.21865570545197,151.16860258579254,151.2585266828537,156.25286602973938,161.02585178613663,165.85894656181335,170.737930893898,172.18150973320007,173.22297322750092,172.97490787506104,172.40250766277313,151.09621512889862,149.79960095882416,150.35550129413605,152.75960636138916,152.8175465464592,152.26628375053406,154.88085174560547,153.4966334104538,154.40083503723145,156.733194231987,156.91561341285706,156.12457239627838,181.40894854068756,179.1080641746521,178.02029502391815,179.04760646820068,178.70054650306702,180.71445202827454,183.7912769317627,185.3801188468933,185.90168976783752,185.73703503608704,185.13277876377106,183.75453925132751,181.57770383358002,181.07860696315765,181.64577221870422,181.70455157756805,183.5161488056183,182.38254821300507,182.18353617191315,181.63265693187714,0.3550811780101767,0.4014409051917236,0.28387126894993164,0.12851519625636976,0.30628998080388525,0.32562732916282294,0.3276461593000915,0.4175816644579441,0.38702755610544065,0.3820637532062071,0.47666426195167566,0.603881333551696,0.4675814407030948,0.18015249683556223,0.30500452741987927,0.5722889289190909,0.22144508862663673,0.10333404425260351,0.1956020033341129,0.2006408673054963,0.0011103927,0.014759982,0.0007719437,0.73399377,0.037125263,0.0011900738,0.21104856,dataset/true\videoplayback_Trim2.mp4
7,260.9125,124.7041,64.05325,78.68547,0.99949753,264.6215435266495,262.6981711387634,261.72183310985565,261.8571946322918,262.91256725788116,265.4186749458313,269.40675193071365,274.6203852891922,281.91705256700516,290.4369469881058,299.34116673469543,307.63480269908905,314.64738059043884,319.90285873413086,323.64862835407257,326.35075867176056,328.353408575058,268.4718030691147,272.06533470749855,276.6107474565506,281.2069557905197,285.1678537726402,297.87960493564606,303.53561770915985,309.5439672470093,315.109214425087,318.91812431812286,289.3164454102516,287.66470497846603,285.9944167137146,284.30874902009964,278.4166308641434,281.2020788192749,284.42494320869446,288.57343953847885,292.4888129234314,271.4960854649544,275.39852023124695,278.96592938899994,282.01123064756393,278.1801326274872,274.5793936252594,299.9352134466171,304.5245782136917,308.37174141407013,311.7988249063492,307.5120508670807,303.65332984924316,272.98748791217804,276.8618766069412,281.0076183080673,283.9734630584717,287.60114163160324,293.0947847366333,298.74657142162323,292.64625680446625,287.09213507175446,283.2053517103195,279.7979922890663,276.2950856089592,274.5365771651268,280.466032743454,283.65790581703186,287.3510283231735,297.1764842271805,287.57613146305084,283.87195789813995,280.6566205024719,153.4406807422638,160.85090613365173,168.63172554969788,176.52153992652893,184.01290714740753,190.89251899719238,196.72684109210968,201.15059804916382,203.53972816467285,204.15230178833008,203.14992380142212,200.56678879261017,195.97020387649536,189.28571271896362,181.16509997844696,172.71707928180695,164.14970064163208,143.27108919620514,140.95060861110687,140.87016996741295,142.231782913208,144.63444674015045,145.8714725971222,145.17246639728546,145.65139985084534,147.88823968172073,151.90105020999908,151.59062331914902,156.38496035337448,160.9718587398529,165.6413378715515,170.59606635570526,172.03315496444702,173.08043456077576,172.90472877025604,172.44020771980286,151.22431814670563,149.99165320396423,150.59819221496582,152.99028384685516,153.05220139026642,152.45202243328094,155.275914311409,153.99175292253494,154.97065496444702,157.32193857431412,157.52078557014465,156.64376527071,181.54644751548767,179.1761976480484,178.05764174461365,179.14314675331116,178.85119795799255,181.04601168632507,184.28549218177795,185.95492732524872,186.44501876831055,186.2033041715622,185.53905975818634,184.03693866729736,181.72663974761963,181.20401811599731,181.8066564798355,181.95123612880707,183.98661613464355,182.71257364749908,182.437863945961,181.8273824453354,0.346128196212915,0.339822780065711,0.27957203961510246,0.11781764258106785,0.2682148621532042,0.3107283395273397,0.30404347402747484,0.36730991462475954,0.38702755610544065,0.26870785461551067,0.4812488990827252,0.588831764557089,0.4757799037820313,0.18775535763921244,0.29382115014629717,0.5532493781682256,0.23063953571684118,0.11412088511625339,0.17222473441908653,0.1522905903390979,0.001023674,0.015701322,0.00049659435,0.69588137,0.03806125,0.0010911529,0.24774463,dataset/true\videoplayback_Trim2.mp4
8,260.96906,124.96843,64.31113,79.54001,0.99944776,265.2423508167267,263.185834556818,262.08358559012413,262.0964852720499,262.9702912569046,265.23745292425156,268.976263910532,273.9580075144768,281.157986164093,289.67495161294937,298.67812180519104,307.1116510629654,314.28482961654663,319.6587870121002,323.47534012794495,326.2407548427582,328.31731247901917,268.65787649154663,272.1866092681885,276.62171018123627,281.08936685323715,284.9356118440628,297.52219593524933,303.19748878479004,309.2318550348282,314.83162224292755,318.68906939029694,288.9587807059288,287.1923152208328,285.3976944088936,283.5836865901947,277.96410697698593,280.6632153391838,283.80052584409714,287.93622303009033,291.87249207496643,271.5631054639816,275.37109249830246,278.8846922516823,281.8931953907013,278.10407000780106,274.5616384744644,299.7052472829819,304.27372336387634,308.1016390323639,311.52451503276825,307.24181830883026,303.40713346004486,272.49991166591644,276.27164220809937,280.3590113520622,283.30057352781296,286.94293880462646,292.5282006263733,298.3220657110214,292.0764647722244,286.43916487693787,282.5513540506363,279.17374926805496,275.7144122123718,274.01201915740967,279.81821382045746,282.98865658044815,286.69462472200394,296.74087166786194,286.9272804260254,283.21536135673523,280.02988785505295,154.44211733341217,161.6729315519333,169.27531147003174,177.01943504810333,184.4398467540741,191.32533049583435,197.2334440946579,201.78327703475952,204.28209018707275,205.02388262748718,204.14781308174133,201.68422198295593,197.1799647808075,190.53685581684113,182.42804265022278,173.99170994758606,165.43382024765015,144.33041948080063,142.13110768795013,142.1433942615986,143.54802125692368,145.962875187397,147.16318893432617,146.47061252593994,146.96646428108215,149.2268335223198,153.23115003108978,152.68848353624344,157.39685988426208,161.91800051927567,166.52256107330322,171.36996364593506,172.8351936340332,173.9115583896637,173.77434301376343,173.35987949371338,152.22536653280258,151.02081274986267,151.63747996091843,154.0030550956726,154.03321421146393,153.4296088218689,156.36106604337692,155.1153787970543,156.10663831233978,158.4537400007248,158.62322056293488,157.7272316813469,182.17283618450165,179.94652438163757,178.9151635169983,180.0319573879242,179.78361773490906,181.98168122768402,185.1930342912674,186.81166803836823,187.23925614356995,186.94772577285767,186.25433111190796,184.73336696624756,182.39429438114166,182.01585721969604,182.65162086486816,182.84769928455353,184.90273129940033,183.55462765693665,183.23775005340576,182.6003359556198,0.34762910037204703,0.35006553128986817,0.2766188353537014,0.11274245461114303,0.2760573208844588,0.30301115608275886,0.2960466863077748,0.4078781991137406,0.38702755610544065,0.2932467075978071,0.48292902423510925,0.593728589937129,0.45502611898854134,0.18885425873811354,0.29190728245304176,0.6131105725321206,0.2561484000628948,0.1310335437395231,0.17218649266485508,0.1600091101314435,0.0011168995,0.016299926,0.0006107901,0.6953813,0.041189898,0.0010056325,0.24439558,dataset/true\videoplayback_Trim2.mp4
9,261.4754,125.7033,63.314972,78.72411,0.99950325,264.8316218852997,262.78645303845406,261.71408396214247,261.7826852276921,262.681011967361,264.8929532915354,268.5032657086849,273.28625370562077,280.2541786432266,288.5610829293728,297.48737555742264,306.02283293008804,313.4255920648575,319.0344353914261,323.0050866007805,325.8812292814255,328.0302621126175,268.08156338334084,271.53564381599426,275.8964257836342,280.3561448454857,284.1717493236065,297.14603638648987,302.8351189494133,308.9120283126831,314.53822016716003,318.4237947463989,288.4287430346012,286.6358300447464,284.8027538359165,282.9296222627163,277.4297533929348,280.13021698594093,283.2615551352501,287.4234394431114,291.40470629930496,270.887511074543,274.72796112298965,278.29661068320274,281.4136890769005,277.59662970900536,273.9904914945364,299.33750426769257,303.87983536720276,307.7926306128502,311.4050347208977,307.0529545545578,303.13889718055725,271.9053005576134,275.6198200285435,279.7018345594406,282.65686255693436,286.2885795235634,291.9402273595333,297.736510515213,291.54378366470337,285.8935379385948,281.9705538749695,278.5286885499954,275.0151435136795,273.36299799382687,279.1870881319046,282.37547448277473,286.08713924884796,296.1610163450241,286.3196852505207,282.5839298963547,279.3535720407963,155.20944565534592,162.34234109520912,169.8013567328453,177.36769688129425,184.61157929897308,191.37177741527557,197.253043115139,201.84843868017197,204.42287302017212,205.2172428369522,204.47841584682465,202.22918379306793,197.93057656288147,191.3599271774292,183.25735688209534,174.78219711780548,166.16835010051727,145.55297276377678,143.37978050112724,143.3159707337618,144.5905402302742,146.90062981843948,147.88739848136902,147.18030139803886,147.6920577287674,149.98923230171204,154.02761620283127,153.81881427764893,158.6750848889351,163.3150863647461,167.9942734837532,172.6021893620491,174.10918897390366,175.21668595075607,175.08275347948074,174.64638751745224,153.36580657958984,152.0199532210827,152.58993268013,155.10799807310104,155.1574344933033,154.59801790118217,157.3428694009781,155.8351652920246,156.74990314245224,159.19579315185547,159.46397706866264,158.64966332912445,182.9047549366951,180.82442778348923,179.88061279058456,181.0193508863449,180.8061751127243,182.99079537391663,186.17910599708557,187.9953316450119,188.6228710412979,188.34882855415344,187.6055496931076,185.82783043384552,183.15016317367554,182.99384742975235,183.67343699932098,183.88295030593872,185.90500384569168,184.79637324810028,184.48621553182602,183.8136020898819,0.35516424603517466,0.35654820026312894,0.19996872603334645,0.15782147232500435,0.22080320975059234,0.27372227539390176,0.20087756869236575,0.4185897511374919,0.38702755610544065,0.29475265870654155,0.5400235456903835,0.5165018258641565,0.4077777014341182,0.16632555493721554,0.28698358256992357,0.6368764250460811,0.3359137157870946,0.13718966008191433,0.17656865688137874,0.03260474379698379,0.0009222406,0.015354671,0.00051322515,0.72073627,0.041348316,0.0006966279,0.22042868,dataset/true\videoplayback_Trim2.mp4
10,261.1066,126.35657,62.580536,77.93948,0.999539,264.83510625362396,262.827794611454,261.82194232940674,261.9832007288933,262.99490118026733,265.28860437870026,268.8265588283539,273.45759999752045,280.3798279762268,288.7253694534302,297.69840002059937,306.3155755996704,313.8583097457886,319.5929856300354,323.5567080974579,326.33597469329834,328.4269874095917,267.74076533317566,271.16626596450806,275.4487204551697,279.7590341567993,283.46983802318573,296.2411594390869,301.95695447921753,308.0749731063843,313.8158278465271,317.9088442325592,287.6529211997986,285.8197556734085,283.9357867240906,282.0335190296173,276.6519144773483,279.35088312625885,282.5303189754486,286.77773654460907,290.838773727417,270.5540224313736,274.3586755990982,277.90548384189606,280.9288401603699,277.1134238243103,273.5430099964142,298.67834210395813,303.21873211860657,307.1627175807953,310.814448595047,306.40377831459045,302.46247458457947,271.6842808127403,275.2502224445343,279.164790391922,282.07300662994385,285.6845660209656,291.3766875267029,297.3319811820984,291.03217101097107,285.3452408313751,281.4346116781235,278.02745056152344,274.65962076187134,273.10509037971497,278.6790865659714,281.81755352020264,285.509725689888,295.74782943725586,285.742395401001,282.03293919563293,278.8593764305115,154.70536017417908,161.85010170936584,169.35221576690674,176.946133852005,184.2617542743683,191.121919631958,197.15855765342712,202.00292563438416,204.6564769744873,205.40848541259766,204.42118215560913,201.9567744731903,197.52987337112427,190.84812021255493,182.6001992225647,173.98785257339478,165.2698130607605,145.40835642814636,143.44741678237915,143.65775042772293,145.12306904792786,147.5084788799286,148.6206933259964,147.8780505657196,148.26462316513062,150.42658400535583,154.3259403705597,154.50105023384094,159.48551607131958,164.26049423217773,169.08437776565552,173.2670509815216,174.8806655406952,176.05188941955566,175.87152481079102,175.39625573158264,153.492213845253,152.3574674129486,153.01901495456696,155.4914791584015,155.5303189754486,154.88194680213928,157.85756874084473,156.45844292640686,157.3850108385086,159.6921317577362,160.06886076927185,159.24815559387207,183.31461811065674,181.55056381225586,180.75589680671692,181.92765522003174,181.70875430107117,183.7977375984192,186.72635221481323,188.5960042476654,189.2342655658722,188.93813800811768,188.1410973072052,186.28002500534058,183.65000677108765,183.78325986862183,184.50253033638,184.71211314201355,186.517231464386,185.36272311210632,185.0440227985382,184.3222427368164,0.3467300225480864,0.29786494106351147,0.20752807369716014,0.12115523681259861,0.1730233067845414,0.21531223003450448,0.1616598310760819,0.38888485532001865,0.38702755610544065,0.2859733687622324,0.5586971424222419,0.5274203468810046,0.4015846255031394,0.13341679775940338,0.3156933518211961,0.7391114639936553,0.24375981607735464,0.07182957921545342,0.25794394126702613,0.06672049812895543,0.0014382143,0.015203346,0.00057346193,0.7040883,0.039386474,0.0008661762,0.23844407,dataset/true\videoplayback_Trim2.mp4
11,261.10175,127.06856,62.47711,78.169266,0.99965703,264.2675529718399,262.2918553054333,261.29773220419884,261.4297344684601,262.4431681931019,264.78195971250534,268.37761104106903,273.06005132198334,279.99089527130127,288.297535777092,297.21425676345825,305.76766419410706,313.2536516189575,318.959920167923,322.94912815093994,325.7608790397644,327.866233587265,267.319962143898,270.77621096372604,275.0393418073654,279.369705080986,283.1191335916519,295.9461326599121,301.60921263694763,307.67564868927,313.3841097354889,317.484867811203,287.43501234054565,285.6464396715164,283.8132469654083,281.96202278137207,276.4019947052002,279.123037815094,282.325248003006,286.58660423755646,290.63133811950684,270.15124958753586,273.97681641578674,277.5185126066208,280.54948604106903,276.70886278152466,273.1372756958008,298.3713562488556,302.88722109794617,306.7987313270569,310.418576002121,306.0208885669708,302.1227960586548,270.9315385222435,274.7594088315964,278.8221538066864,281.7891869544983,285.47005915641785,291.1767739057541,297.16615319252014,290.8393807411194,285.0946959257126,281.11173701286316,277.6303503513336,274.10395407676697,272.35329484939575,278.3094038963318,281.5167238712311,285.2797626256943,295.60060596466064,285.5378544330597,281.74919879436493,278.499906539917,155.68859934806824,162.89489841461182,170.45878744125366,178.12870454788208,185.4725375175476,192.2859401702881,198.21910500526428,202.91087698936462,205.49220275878906,206.24153852462769,205.27135848999023,202.86471223831177,198.49964499473572,191.90864038467407,183.73913288116455,175.19129729270935,166.51788234710693,146.27090179920197,144.35870671272278,144.55231350660324,145.97956693172455,148.35521018505096,149.51697325706482,148.83046793937683,149.2769604921341,151.44502997398376,155.30842304229736,155.18939626216888,160.34399807453156,165.28644406795502,170.25059533119202,174.20307898521423,175.8840630054474,177.11592030525208,176.8968517780304,176.35858917236328,154.005939245224,152.82807219028473,153.5131686925888,156.06723546981812,156.01532447338104,155.3463749885559,158.51861953735352,157.07585668563843,158.0227255821228,160.3930687904358,160.68399143218994,159.85433959960938,183.99709558486938,182.39171195030212,181.72220301628113,182.8784418106079,182.65323066711426,184.59835171699524,187.35002636909485,189.31748461723328,190.0100736618042,189.7432050704956,188.9499921798706,187.062664270401,184.37477588653564,184.6231985092163,185.34392762184143,185.52224922180176,187.16433000564575,186.28982257843018,186.0064558982849,185.30124640464783,0.34717802003524434,0.2934960733573388,0.24341021807802596,0.10236319957919725,0.24332256529314877,0.24454400212518368,0.23732979643368318,0.3347474043630614,0.38702755610544065,0.2743416589596606,0.553381418297088,0.5369358411904871,0.41518211897859786,0.16839564922238776,0.3120662478688274,0.7443202752259167,0.26933704706875244,0.08568277441658496,0.25608472849076797,0.10147302199320324,0.001873794,0.012868827,0.0007313228,0.8074617,0.021344693,0.0014564217,0.15426321,dataset/true\videoplayback_Trim2.mp4
12,261.13702,127.054054,62.54254,78.24383,0.99965465,264.26006948947906,262.2857460975647,261.29251086711884,261.42576509714127,262.44067615270615,264.78329718112946,268.3861975669861,273.07862865924835,280.0127137899399,288.3213429450989,297.24145460128784,305.795428276062,313.27553129196167,318.9720015525818,322.9518098831177,325.7564215660095,327.85344099998474,267.3307060599327,270.79176795482635,275.05466890335083,279.38585436344147,283.1356724500656,295.9394917488098,301.5977246761322,307.6614019870758,313.3695912361145,317.4765281677246,287.44952857494354,285.66905546188354,283.8441548347473,282.00113439559937,276.4366737604141,279.1580045223236,282.35439372062683,286.6084499359131,290.64619410037994,270.1534783244133,273.9828140735626,277.52569937705994,280.55804312229156,276.7158479690552,273.1433299779892,298.3780333995819,302.8917827606201,306.80254101753235,310.42411160469055,306.025794506073,302.12893414497375,270.9153382778168,274.75578486919403,278.8377504348755,281.8104981184006,285.4969195127487,291.21117663383484,297.1976590156555,290.868173122406,285.1079800128937,281.1169373989105,277.62734019756317,274.087788939476,272.3436233997345,278.3219903707504,281.5349954366684,285.3031756877899,295.6308479309082,285.55652010440826,281.7593775987625,278.50154638290405,155.74584889411926,162.95002341270447,170.5124855041504,178.18124747276306,185.51935005187988,192.3196520805359,198.23406744003296,202.90472078323364,205.47546911239624,206.22265768051147,205.2595624923706,202.86148691177368,198.5030288696289,191.91783618927002,183.75379180908203,175.2133445739746,166.5478343963623,146.28437387943268,144.37060236930847,144.55824774503708,145.98000407218933,148.35242426395416,149.51164603233337,148.82215094566345,149.26744306087494,151.43143105506897,155.28610849380493,155.17029118537903,160.30686151981354,165.23159539699554,170.17731428146362,174.18148469924927,175.849458694458,177.07332515716553,176.85919427871704,176.328786611557,154.00861644744873,152.82267475128174,153.50554025173187,156.0658085346222,156.0089236497879,155.34152114391327,158.50904774665833,157.0575466156006,158.0024631023407,160.37833285331726,160.66387391090393,159.8364213705063,184.00303435325623,182.36783909797668,181.68311405181885,182.83965182304382,182.61206245422363,184.57067823410034,187.34358930587769,189.33888411521912,190.04307889938354,189.77820801734924,188.9856836795807,187.08814525604248,184.37735795974731,184.60160422325134,185.32042169570923,185.49842166900635,187.15396547317505,186.30681443214417,186.02368330955505,185.3197693824768,0.34851730574953005,0.2993532162144817,0.24341021807802596,0.10236319957919725,0.23458734603284834,0.24454400212518368,0.2387748884785057,0.36290194087759914,0.38702755610544065,0.27444035502492287,0.5608797878814545,0.539982521396337,0.40389260358757134,0.16307650028621756,0.31462472788247553,0.7254279359623111,0.2895784512179209,0.08582068126404059,0.22849803958792375,0.10147302199320324,0.0018796897,0.013226846,0.0007475043,0.80653286,0.022246893,0.0014340186,0.15393217,dataset/true\videoplayback_Trim2.mp4
13,263.57776,129.2721,61.986053,78.34018,0.999668,264.6428361237049,262.4149977862835,261.2048728093505,261.2296980507672,262.175868794322,264.42164328694344,267.7246071100235,272.0588981807232,278.90040200948715,287.23817390203476,296.23443257808685,304.89845049381256,312.68830966949463,318.7394804954529,323.0019040107727,326.00289356708527,328.22062891721725,267.94270423054695,271.69000056385994,275.95292922854424,280.16057085990906,283.73459872603416,296.4342750310898,302.1002046465874,308.1123448610306,313.832692027092,318.07365787029266,288.0054421424866,286.02866303920746,284.00415402650833,281.9734468758106,276.37957257032394,279.06749245524406,282.3014251589775,286.74206134676933,290.9505344629288,270.5605089366436,274.47964657843113,278.1607292294502,281.2118649184704,277.2463060617447,273.5417104959488,298.9794946908951,303.50922268629074,307.55884420871735,311.24197763204575,306.8896464705467,302.8828777074814,270.2087964564562,274.3953838646412,278.7512398958206,281.86110031604767,285.83391231298447,292.06435975432396,298.5969267487526,291.7301945090294,285.36993485689163,281.0219511091709,277.2876791357994,273.4515983313322,271.6381288766861,278.15481048822403,281.55293238162994,285.63094061613083,296.98699337244034,285.8676343858242,281.736288189888,278.2695375084877,157.1135533452034,164.18446204066277,171.65419733524323,179.27860891819,186.63652962446213,193.5113531947136,199.71803402900696,204.94587844610214,207.9403636455536,209.03179025650024,208.06957459449768,205.64352548122406,201.30577659606934,194.72450292110443,186.48444390296936,177.82108759880066,169.1020575761795,147.58797524869442,146.1104837656021,146.751214325428,148.48228296637535,151.05857825279236,152.44257128238678,151.76441943645477,152.21632248163223,154.25405925512314,157.9225925207138,157.58958286046982,163.03070759773254,168.29682713747025,173.52519011497498,176.74063122272491,178.72057086229324,180.24539774656296,180.05914068222046,179.5417515039444,155.234851449728,153.96105474233627,154.82588610053062,157.93890929222107,157.634880900383,156.8090801537037,160.92876544594765,159.1303621828556,160.0640190243721,162.7506581544876,163.08779841661453,162.2595546245575,185.2899489402771,184.55538129806519,184.4481555223465,185.84207719564438,185.7608196735382,187.68313205242157,190.18465852737427,192.83840036392212,193.76141107082367,193.32223063707352,192.23796552419662,189.5506647825241,185.97357696294785,187.3922017812729,188.36109614372253,188.70471841096878,190.10522937774658,189.74723494052887,189.29285085201263,188.31279402971268,0.28965226128923915,0.20989878971660686,0.21040297170201266,0.15284639172358114,0.3779858481899975,0.40703578587205574,0.2050298082971709,0.6570671502027599,0.4014997314656241,0.5173725284259666,0.5936722328572979,0.30101840325290813,0.32464579156689827,0.23423380970065658,0.2952242932228956,0.7242526446909882,0.3724603921745271,0.10116700753009072,0.42761542475985326,0.015012905787696613,0.0027417883,0.012966999,0.0013390513,0.8798034,0.011431023,0.0022448178,0.089472845,dataset/true\videoplayback_Trim2.mp4
14,262.95364,129.29732,62.96512,79.320175,0.9997105,264.1076194345951,261.9203446507454,260.72105997800827,260.8052752017975,261.9298382997513,264.3433412015438,267.75328540802,272.10541850328445,278.9678862094879,287.43181121349335,296.55577754974365,305.3702688217163,313.26998591423035,319.4400854110718,323.70159339904785,326.70789670944214,328.95801043510437,267.22831481695175,271.0217654109001,275.3528319597244,279.5996742248535,283.20642054080963,296.1525845527649,301.9438214302063,308.0743291378021,313.90934801101685,318.30342960357666,287.76227128505707,285.8512041568756,283.8887152671814,281.9145119190216,276.0698057413101,278.84840869903564,282.1991560459137,286.7613215446472,291.0307388305664,270.0592228770256,274.0810204744339,277.7592947483063,280.8311011791229,276.87637293338776,273.18315094709396,298.79208397865295,303.36904430389404,307.44798612594604,311.2958188056946,306.80322432518005,302.7475392818451,270.11295717954636,274.15483832359314,278.5024335384369,281.6879417896271,285.7410945892334,292.19355511665344,298.82717752456665,291.93908953666687,285.24797976017,280.68412685394287,276.7834839820862,272.9793676137924,271.5417405962944,277.9156370162964,281.37975096702576,285.53431355953217,297.2816843986511,285.7379825115204,281.42384099960327,277.79608249664307,156.73342180252075,163.9798562526703,171.5746033191681,179.26278519630432,186.69239735603333,193.70196509361267,200.1667561531067,205.80219888687134,209.10466146469116,210.2294578552246,209.17037296295166,206.49286270141602,201.86677503585815,194.99238109588623,186.4454379081726,177.48755550384521,168.50901877880096,147.99694538116455,146.6080278158188,147.3741346001625,149.1891384124756,151.79613542556763,153.26353216171265,152.6410984992981,153.09350717067719,155.1283575296402,158.73721027374268,158.31425762176514,163.91240072250366,169.3219165802002,174.69791531562805,177.40166759490967,179.50168132781982,181.1103174686432,180.92764258384705,180.38103580474854,155.51719963550568,154.46884393692017,155.35614395141602,158.35105895996094,157.97362327575684,157.09585428237915,161.5501548051834,159.90158939361572,160.8348593711853,163.35641014575958,163.65013003349304,162.84150624275208,185.17362189292908,184.54886436462402,184.69967103004456,186.18654203414917,186.1933958530426,188.17050743103027,190.80865240097046,194.29088616371155,195.61218738555908,195.0928373336792,193.7632417678833,190.2955310344696,185.89259338378906,187.45986652374268,188.59042954444885,188.98476648330688,190.69206047058105,191.53625345230103,190.98692417144775,189.76117777824402,0.3207214789633716,0.2657715121957235,0.226881903488088,0.12081084586227518,0.6557034104312096,0.49876796418511404,0.3477612451370767,0.8850538013871477,0.4014997314656241,0.7852645414734362,0.6199975425113425,0.25355906904787673,0.23020149110460955,0.2739521915769216,0.27140863768416434,0.2419637008564668,0.8248142636039039,0.25692775759672093,0.3349430977653436,0.028615149201679718,0.0013978409,0.005725848,0.0006135608,0.95515394,0.005052077,0.00093984616,0.03111688,dataset/true\videoplayback_Trim2.mp4
15,261.7423,128.23105,63.447235,80.23035,0.99973434,263.4086662530899,261.255440287292,260.09077520668507,260.33129958063364,261.64796048402786,264.2003993690014,267.5564124286175,271.66634982824326,278.41740095615387,286.85784071683884,295.98086243867874,304.90040153265,312.9934714436531,319.36571884155273,323.71121299266815,326.719874560833,328.97535759210587,266.17448514699936,269.91803586483,274.29664596915245,278.636015355587,282.31190222501755,295.3484030365944,301.3217857480049,307.63021993637085,313.61565482616425,318.0662314891815,286.91789278388023,284.9541059732437,282.9347029030323,280.91606628894806,275.1556069254875,277.9690241217613,281.4018113017082,286.0819117426872,290.4659535884857,269.1947491168976,273.21348971128464,277.02162927389145,280.1906293332577,276.15551778674126,272.32518541812897,298.04022908210754,302.6834478378296,306.93449807167053,310.8895585536957,306.3703588247299,302.14917743206024,269.49616028368473,273.5842490941286,277.95028495788574,281.1555310487747,285.28499472141266,291.98678612709045,298.9535372853279,291.7923357486725,284.8741008043289,280.1976444721222,276.25039771199226,272.3991725295782,270.9263043105602,277.38804349303246,280.8788587450981,285.1239769756794,297.38712126016617,285.3129566013813,280.90827092528343,277.23892188072205,156.53986060619354,163.7335745692253,171.27736163139343,178.90413707494736,186.23366063833237,193.1368831396103,199.61540633440018,205.46798729896545,208.8830863237381,210.01189720630646,208.87216317653656,206.16138684749603,201.5576428771019,194.67182397842407,186.03067827224731,176.93812662363052,167.8370292186737,147.93632861971855,146.42018660902977,147.11935178935528,148.9010375738144,151.51415041089058,152.89392977952957,152.22645664215088,152.70981967449188,154.85054770112038,158.62688392400742,158.04972180724144,163.72770911455154,169.20995408296585,174.65299504995346,177.14320182800293,179.33105772733688,180.99536442756653,180.75556004047394,180.16611856222153,155.11098673939705,153.84735071659088,154.75435745716095,158.05996569991112,157.67133343219757,156.79581105709076,161.255676984787,159.26638600230217,160.16277250647545,162.88963982462883,163.30188077688217,162.54284137487411,184.23876810073853,184.00549006462097,184.375812292099,185.8896182179451,185.90280401706696,187.72151720523834,190.01677334308624,193.76016801595688,195.2234107851982,194.69317001104355,193.3010791540146,189.6070635318756,185.0451809167862,187.04037177562714,188.21282935142517,188.59910947084427,189.96975791454315,191.14564388990402,190.58898103237152,189.2826827764511,0.288493520109686,0.32412915963324074,0.20765748031264225,0.13007229098582168,0.7235866134121843,0.4905714792152179,0.3234506427195711,0.8856815377333987,0.4014997314656241,0.879767494991285,0.6498017724953031,0.15307908908301038,0.20491418529471822,0.2813681593518705,0.24320748886427548,0.2295755821910014,0.8273050853534881,0.2532311475999026,0.3589431231329791,0.026156548451153498,0.0014107269,0.0042507006,0.0005434311,0.96267515,0.004170443,0.0014725445,0.02547687,dataset/true\videoplayback_Trim2.mp4
16,260.3001,128.42996,63.15329,80.01616,0.99970657,261.9407159984112,259.8053601384163,258.65808951854706,258.99829521775246,260.5913788974285,263.4790455698967,267.24025535583496,271.66565704345703,278.3460466861725,286.56108927726746,295.4394211769104,304.20102071762085,312.08940839767456,318.27150321006775,322.4534652233124,325.2825975418091,327.28116750717163,265.0409325957298,268.880493581295,273.3225213289261,277.7374497652054,281.4516443014145,294.30703711509705,300.10724329948425,306.34639286994934,312.2621898651123,316.62356066703796,286.1649720668793,284.40300381183624,282.6026396751404,280.7771637439728,274.86451053619385,277.7969914674759,281.21874582767487,285.73154163360596,289.96602165699005,268.05047821998596,272.1724410057068,275.99978017807007,279.208860039711,275.17146241664886,271.30810219049454,296.9060025215149,301.5090825557709,305.82793974876404,309.9371054172516,305.3666636943817,301.08562707901,268.7289043664932,272.8347688317299,277.50070309638977,280.80232310295105,284.9006553888321,291.64352440834045,298.2207398414612,291.3993282318115,284.4269378185272,279.65597772598267,275.55627965927124,271.47441148757935,270.11046528816223,276.99276852607727,280.56127977371216,284.7962580919266,296.7424395084381,284.8114198446274,280.3419666290283,276.52837586402893,157.4611073732376,164.78928935527802,172.43018078804016,180.07497930526733,187.27311992645264,193.93973851203918,200.09099340438843,205.5699896812439,208.76424980163574,209.62045621871948,208.42923259735107,205.78093147277832,201.20621347427368,194.36113739013672,185.8524043560028,176.9181637763977,167.92183566093445,148.83061146736145,147.30401051044464,147.8218486905098,149.51204097270966,152.13368785381317,153.41730213165283,152.65302431583405,153.04792296886444,155.14976453781128,158.77109050750732,158.9332379102707,164.60150694847107,170.0305151939392,175.38172149658203,178.16513299942017,180.19516801834106,181.70270919799805,181.4872419834137,180.8628649711609,155.87451171875,154.45295810699463,155.34563291072845,158.8964388370514,158.43156373500824,157.5517132282257,161.87796103954315,159.50262808799744,160.26497840881348,163.07905316352844,163.57538199424744,162.9651927947998,185.30892324447632,184.43735122680664,184.58365058898926,186.027437210083,186.00457906723022,187.94415545463562,190.6291356086731,195.07439661026,197.09649515151978,196.69646406173706,195.31966638565063,191.22061157226562,185.94681310653687,187.26427745819092,188.40261840820312,188.70352053642273,190.5165753364563,193.04255867004395,192.59617710113525,191.30489587783813,0.32697743732384227,0.3326754753264851,0.21476530436555283,0.1143719071721637,0.7621408131791702,0.5982603570276575,0.3665190788703077,0.9279973067658904,0.40645771465890146,0.9085532183165123,0.6482722045400839,0.19534495467496377,0.1690759250747416,0.29039242224919637,0.20776214092824116,0.0857563036165329,0.9402394827385079,0.3480633362135377,0.22778342635523474,0.037529421206096106,0.0016067342,0.004041566,0.00052264385,0.97750014,0.0021499752,0.0014977902,0.01268122,dataset/true\videoplayback_Trim2.mp4
17,259.48795,128.44505,64.094025,80.77382,0.9997063,261.702376306057,259.5545103996992,258.38576097786427,258.7021207809448,260.30383506417274,263.26187735795975,267.0602987408638,271.52024245262146,278.3185846209526,286.6868745088577,295.6322486400604,304.3521662950516,312.19460570812225,318.33356416225433,322.5341008901596,325.4500833749771,327.56326711177826,265.0463188290596,269.04541316628456,273.57510244846344,277.9667174220085,281.67034935951233,294.5700498819351,300.4430809020996,306.69446539878845,312.60476410388947,316.94213032722473,286.17545503377914,284.33597445487976,282.47221130132675,280.60860389471054,274.5317535996437,277.52753895521164,281.07399666309357,285.6846452951431,290.0181317925453,267.9611122906208,272.1810581088066,276.01052194833755,279.122782766819,275.03761035203934,271.16970840096474,297.0208604335785,301.6963416337967,306.00063836574554,310.0593059062958,305.4052526950836,301.1327608823776,268.74514585733414,272.90577882528305,277.5878734588623,280.94787883758545,285.141441822052,291.94600689411163,298.62005603313446,291.68786215782166,284.57748448848724,279.7005178928375,275.54835337400436,271.4879447221756,270.14294788241386,277.05334067344666,280.6743360757828,285.0049796104431,297.13663852214813,284.9986544251442,280.429483294487,276.567098736763,156.87205803394318,164.32510221004486,172.0946102142334,179.91631436347961,187.3135313987732,194.18076252937317,200.56103110313416,206.24189829826355,209.56726741790771,210.44936227798462,209.180912733078,206.39763593673706,201.7205275297165,194.80429422855377,186.25121641159058,177.29065811634064,168.25700569152832,148.58606296777725,147.16570436954498,147.92412105202675,149.84454703330994,152.5795934200287,154.28533387184143,153.6800547838211,154.1541926264763,156.25152504444122,159.85360765457153,159.24342834949493,164.94191819429398,170.4092516899109,175.80911886692047,178.41425371170044,180.50519585609436,182.07433927059174,181.81960701942444,181.19155168533325,155.62303733825684,154.35122644901276,155.37594830989838,158.96455764770508,158.3909068107605,157.38319623470306,162.32524412870407,160.13177168369293,161.02227222919464,163.84509479999542,164.24280273914337,163.51524138450623,185.6879425048828,184.82950258255005,184.9808793067932,186.4476249217987,186.41725659370422,188.35957896709442,191.01920199394226,195.59875237941742,197.62485265731812,197.20910131931305,195.80405008792877,191.66659319400787,186.36795687675476,187.68578052520752,188.84616959095,189.13690960407257,190.91449356079102,193.46510767936707,193.01148891448975,191.69380474090576,0.38816880983027297,0.3604699485865097,0.2020870923739363,0.13234321469512164,0.8062956294936457,0.629434887800944,0.3855278843173203,0.9238995221101461,0.4112763087632099,0.8987431478359684,0.6653431639747329,0.18833841875408402,0.1559709657192124,0.2906471739072075,0.237074697246475,0.10255586751942515,0.9469387878148027,0.3294178210654724,0.203498618987961,0.045662843828899256,0.0012664184,0.0027306364,0.00027376701,0.97616416,0.0016776373,0.0010225463,0.01686488,dataset/true\videoplayback_Trim2.mp4
18,259.49432,128.37114,64.13989,80.83719,0.99971205,261.69351790845394,259.55044761300087,258.39054322242737,258.718734562397,260.32969254255295,263.29368111491203,267.093118339777,271.5494577884674,278.3427463173866,286.70461106300354,295.6397430896759,304.35291481018066,312.192852973938,318.3342661857605,322.53876864910126,325.4533098936081,327.562802195549,265.0128343999386,269.01929649710655,273.5539557337761,277.94753962755203,281.6519270539284,294.5680181980133,300.4419883489609,306.6935216188431,312.60488963127136,316.94478964805603,286.1656638979912,284.3289379477501,282.46812468767166,280.6076020002365,274.53361558914185,277.5295590162277,281.07534724473953,285.6827344894409,290.01378017663956,267.9280195534229,272.1509199142456,275.9873040318489,279.10504388809204,275.01246070861816,271.13739904761314,297.0130172967911,301.69333827495575,306.0046226978302,310.06631684303284,305.4094183444977,301.1297575235367,268.75781482458115,272.9149771928787,277.5966603755951,280.9539204239845,285.14378267526627,291.9454257488251,298.61350071430206,291.688201546669,284.5827961564064,279.7093280553818,275.559999525547,271.5002324581146,270.15743815898895,277.06407558918,280.6816259622574,285.00830841064453,297.12767028808594,285.001750767231,280.4369986653328,276.57797080278397,156.8863263130188,164.34248542785645,172.11521065235138,179.9385885000229,187.3350477218628,194.20130717754364,200.5809062719345,206.26268935203552,209.58542704582214,210.4610595703125,209.18547821044922,206.39914226531982,201.72310316562653,194.8097105026245,186.25785076618195,177.29794335365295,168.26648998260498,148.5615828037262,147.14513647556305,147.91143000125885,149.83989089727402,152.58157628774643,154.29483211040497,153.6867658495903,154.1558523774147,156.24653416872025,159.84358870983124,159.2542051076889,164.94808530807495,170.4104232788086,175.8053995370865,178.42585337162018,180.51243460178375,182.07769131660461,181.82351231575012,181.19719111919403,155.6273331642151,154.3522446155548,155.37980943918228,158.9767245054245,158.40513789653778,157.39593493938446,162.34098386764526,160.142025411129,161.03303968906403,163.85990470647812,164.26352870464325,163.5357511639595,185.71190428733826,184.83977258205414,184.98162317276,186.44724369049072,186.41472280025482,188.36316812038422,191.03181052207947,195.61747920513153,197.64756846427917,197.23383486270905,195.83073163032532,191.69295394420624,186.39028215408325,187.69590175151825,188.85336184501648,189.14305114746094,190.92716252803802,193.47333669662476,193.0212242603302,191.70563220977783,0.38816880983027297,0.3604699485865097,0.20057942219176947,0.13555021177966972,0.8062672953196928,0.6292055249722368,0.3855278843173203,0.9238995221101461,0.4112763087632099,0.8987431478359684,0.6610909614260816,0.20692229264043616,0.1664396579190119,0.2906471739072075,0.237074697246475,0.09748054562009187,0.9469387878148027,0.3277539896747503,0.1929453714671787,0.045662843828899256,0.0012441772,0.002658919,0.00026778402,0.9758068,0.0016584592,0.0010252766,0.017338643,dataset/true\videoplayback_Trim2.mp4
19,257.64255,130.09087,63.15979,79.17546,0.9996972,260.91336047649384,258.85645151138306,257.78830897808075,258.2900947034359,260.1582937538624,263.26850229501724,267.0360313653946,271.37497210502625,278.1387038230896,286.4910674095154,295.2819848060608,303.80204725265503,311.537739276886,317.6727089881897,321.7693901062012,324.54130458831787,326.5426106452942,263.87547183036804,267.7268050312996,272.14533138275146,276.4533438682556,280.09277606010437,293.1859211921692,299.02036476135254,305.2807824611664,311.2862136363983,315.76953077316284,284.91461884975433,283.1079173088074,281.26972126960754,279.4372556209564,273.28484785556793,276.3651683330536,280.0694875717163,284.8332314491272,289.25131273269653,266.84007239341736,271.0364532470703,274.8036210536957,277.9599496126175,273.8930823802948,270.08431375026703,295.8873450756073,300.5630900859833,304.8007297515869,308.9042420387268,304.2580051422119,300.0247368812561,267.7324821949005,271.7755467891693,276.5581488609314,280.06106185913086,284.39865267276764,291.54472374916077,298.5018572807312,291.61475682258606,284.25163984298706,279.13317799568176,274.77484679222107,270.48649656772614,269.0708522796631,276.0556592941284,279.82881796360016,284.3229888677597,297.08605670928955,284.6152206659317,279.83745658397675,275.75897455215454,157.49178051948547,165.00081634521484,172.81946086883545,180.65769743919373,188.10573291778564,195.07841324806213,201.72397661209106,207.76925325393677,211.14154052734375,211.86103296279907,210.16913175582886,206.99462223052979,202.07790184020996,195.0435914993286,186.35577583312988,177.29606008529663,168.21944308280945,149.54614329338074,148.17635798454285,148.94583958387375,150.82903277873993,153.55626833438873,155.00976264476776,154.20844793319702,154.51359236240387,156.4764345884323,160.03283500671387,160.28551578521729,166.22221851348877,171.9414246082306,177.5848355293274,179.46498346328735,181.72645378112793,183.4036009311676,182.96761560440063,182.14485383033752,156.75246500968933,155.6895432472229,156.67716360092163,159.96368753910065,159.3718605041504,158.3895764350891,163.081423163414,161.03384816646576,161.82253789901733,164.36718237400055,164.7469940185547,164.10755944252014,186.0224301815033,185.38325834274292,185.71308422088623,187.12833213806152,187.0667474269867,188.70864248275757,191.14811730384827,196.72579860687256,199.3822898864746,199.0789234638214,197.61759233474731,192.9420919418335,186.8116204738617,188.1481921672821,189.33065938949585,189.53179836273193,191.1744408607483,195.39075350761414,195.06418919563293,193.66925811767578,0.38661206636150275,0.3930544271280949,0.18610600504391706,0.1283460272422203,0.8920736090193384,0.6961755731714794,0.4486766486163037,0.941943324990418,0.4112763087632099,0.936495664369299,0.6967793259684988,0.16933589493705758,0.12638777736628318,0.2751638450656992,0.2022434489241715,0.07566900967153058,0.9573477131125327,0.38350107613876333,0.19512560482781494,0.09789597259719846,0.001487879,0.0021572907,0.0003345596,0.98474056,0.0016306991,0.00077363406,0.008875454,dataset/true\videoplayback_Trim2.mp4
20,256.95544,131.1017,63.359253,79.71736,0.9996799,260.45866790413857,258.2335861027241,256.9849298223853,257.26010478287935,258.87586256861687,261.7813738286495,265.4854554980993,269.8755475282669,276.81911224126816,285.41659289598465,294.50090169906616,303.1929869055748,310.9903470277786,317.1180995106697,321.24632400274277,324.10785353183746,326.214396238327,263.66910134255886,267.5689597725868,271.9860166013241,276.23718386888504,279.8357321023941,293.00521075725555,298.8136677145958,304.9967519044876,310.9246062040329,315.3433129787445,284.6085094809532,282.7020072340965,280.7726902961731,278.85043439269066,272.8217314481735,275.79657715559006,279.427018225193,284.18474185466766,288.615046441555,266.67037257552147,270.8012291789055,274.48910626769066,277.58103159070015,273.61518105864525,269.89436012506485,295.6108081936836,300.22245079278946,304.33872866630554,308.33084523677826,303.7529588341713,299.64153212308884,267.3225165903568,271.3097016811371,275.9434613585472,279.4218802154064,283.7633952200413,290.84772396087646,297.86754417419434,290.79532957077026,283.361145734787,278.26642695069313,273.9915087223053,269.9070135354996,268.6682253777981,275.46327659487724,279.1823810338974,283.6659680902958,296.40648144483566,283.7457139492035,278.9704352617264,274.96455919742584,157.91179305315018,165.43863546848297,173.29911118745804,181.21956324577332,188.8413039445877,196.07518112659454,202.95620393753052,209.21939885616302,212.79006552696228,213.6385462284088,211.9916844367981,208.69883286952972,203.60420358181,196.41428059339523,187.61072421073914,178.45868730545044,169.31742668151855,149.8993479013443,148.61516672372818,149.52336445450783,151.50476598739624,154.2524515390396,155.89247488975525,155.186330139637,155.55305644869804,157.49321621656418,161.00755524635315,160.77717092633247,166.69040977954865,172.4021601676941,178.06241112947464,179.80885714292526,182.14055436849594,183.91436332464218,183.5454592704773,182.77979254722595,157.20190092921257,156.2522273659706,157.2312282025814,160.34671631455421,159.74974337220192,158.7646797299385,163.68042182922363,161.9094125032425,162.78228211402893,165.281782746315,165.50332069396973,164.77248412370682,186.2905792593956,185.7952283024788,186.2622938156128,187.76127088069916,187.7717626094818,189.48733925819397,192.0161488056183,197.39481663703918,199.79558211565018,199.35641193389893,197.80019390583038,193.1429265141487,187.06899118423462,188.71103394031525,189.9827407002449,190.28520172834396,192.00082886219025,195.74320006370544,195.27555626630783,193.8096974492073,0.40131627673911385,0.3973078625961272,0.1840788690331699,0.11073853407495583,0.9267558665899642,0.6918764722754152,0.38941440107849634,0.9592183690139422,0.4112763087632099,0.9497986909473694,0.6773885974790497,0.15064465156878334,0.14605627161991697,0.2850425238529888,0.20776933961592708,0.06760988330392699,0.9672416205284274,0.3602703946635479,0.24764700280283083,0.15300734574816802,0.0016309773,0.0023865514,0.00046282928,0.98397624,0.0018010049,0.0010486395,0.00869371,dataset/true\videoplayback_Trim2.mp4
21,255.41577,132.08777,63.853394,81.05176,0.9995092,259.54921758174896,257.26043616235256,255.956471696496,256.16752365231514,257.68475740402937,260.49534341692924,264.2266962379217,268.71983301639557,275.78534227609634,284.5073697566986,293.7910535335541,302.72182327508926,310.69956678152084,316.9129604101181,321.0660373568535,323.91137033700943,326.0075544118881,262.7334939837456,266.5439042299986,270.86095345020294,275.0282580256462,278.56811729073524,292.073925614357,297.86432725191116,304.0463053584099,310.015993475914,314.5237606167793,283.45367616415024,281.4893225431442,279.50728076696396,277.52354314923286,271.8208318948746,274.71198931336403,278.2580490708351,282.97675228118896,287.40265318751335,265.7188038825989,269.78807321190834,273.47150760889053,276.5931870341301,272.65752202272415,268.950038343668,294.65953093767166,299.2079661488533,303.3317708969116,307.36886513233185,302.77048176527023,298.66640293598175,266.39702117443085,270.1917339861393,274.7685441374779,278.24942299723625,282.5536111295223,289.6499553322792,296.6721070408821,289.6863688826561,282.2967267036438,277.23294842243195,272.96831768751144,268.90187323093414,267.70029950141907,274.3470139205456,278.0496716797352,282.4861216843128,295.21490412950516,282.6184707581997,277.87496787309647,273.87541392445564,158.91734835505486,166.48179531097412,174.4096549153328,182.39643067121506,190.1162685751915,197.48640513420105,204.46122932434082,210.74855613708496,214.3144313097,215.05268001556396,213.36779832839966,210.04959404468536,204.88565325737,197.57036650180817,188.6294400691986,179.35488951206207,170.10999897122383,150.71689426898956,149.46006226539612,150.34971933066845,152.27640530467033,154.93862181901932,156.45405703783035,155.74500480294228,156.0537259876728,157.94388940930367,161.41215386986732,161.38315933942795,167.2475630044937,172.89048838615417,178.48476445674896,180.40619653463364,182.6945316195488,184.41346323490143,184.04780858755112,183.26034146547318,158.11238813400269,157.02461248636246,157.9434602856636,161.05055409669876,160.52894169092178,159.59311252832413,164.19481873512268,162.35268273949623,163.2035614848137,165.75183075666428,165.97195282578468,165.26597100496292,187.02531623840332,186.21890342235565,186.51108384132385,187.93622869253159,187.91983938217163,189.6353793144226,192.34760135412216,197.83816719055176,200.3848163485527,200.02003371715546,198.52194702625275,193.90996479988098,187.72035425901413,188.98027962446213,190.19000440835953,190.45367449522018,192.3221201300621,196.30993628501892,195.89870274066925,194.51162368059158,0.3897862046591629,0.4197333407351218,0.19770880491275153,0.1306816869859826,0.9303430041218927,0.5988473610237074,0.40560220093704347,0.9329404104631857,0.4112763087632099,0.953803467219771,0.6512519180499873,0.15639105454097113,0.1527290738595012,0.2687711567772272,0.18879961466650727,0.04355775578297527,0.9733986403725551,0.385732616251935,0.20902397720636257,0.10833618427355234,0.0017409925,0.0022886554,0.00040098847,0.9851644,0.0017141668,0.0008248078,0.007865929,dataset/true\videoplayback_Trim2.mp4
22,255.14157,130.57326,63.881927,81.36893,0.999556,258.774081453681,256.3350356221199,254.88778172433376,255.0174636915326,256.49351993203163,259.27164916694164,262.86179277300835,267.1191284060478,274.01023906469345,282.6512975692749,291.91295605897903,300.88807928562164,309.00684612989426,315.43105190992355,319.81606674194336,322.84112679958344,325.08832108974457,262.21836891770363,266.27581210434437,270.6842646598816,274.87966880202293,278.39720445871353,291.5801075696945,297.38078063726425,303.5432806611061,309.4749075770378,313.9815181493759,283.071175545454,281.0624707341194,279.0308571457863,276.99654030799866,271.0470990240574,273.9415012598038,277.4730878472328,282.231885433197,286.66631603240967,265.07838045060635,269.2540529370308,272.99282363057137,276.0761320590973,272.0780421793461,268.30830803513527,294.11639350652695,298.75980961322784,302.93133199214935,306.9423254132271,302.3604369163513,298.20275205373764,265.018601462245,269.18447294831276,273.8790740966797,277.3174513578415,281.66488230228424,288.78119337558746,295.90077221393585,288.46707487106323,280.8661776483059,275.76785147190094,271.5198487043381,267.4862517118454,266.37494081258774,273.34507447481155,277.0374057292938,281.52330592274666,294.39958757162094,281.3315289616585,276.55288153886795,272.58162221312523,157.71913489699364,165.14114493131638,172.94912987947464,180.84500485658646,188.45147609710693,195.66184556484222,202.51959931850433,208.8240451812744,212.52054834365845,213.56447994709015,212.1396517753601,209.10231924057007,204.202782869339,197.10443991422653,188.30694633722305,179.12169021368027,169.95352560281754,149.38449820876122,148.31800204515457,149.40716947615147,151.50709518790245,154.33003342151642,156.07539170980453,155.40764319896698,155.79060965776443,157.69369268417358,161.1101456284523,160.73819181323051,166.5907337665558,172.2521458864212,177.8486249446869,179.64212310314178,182.01718246936798,183.8459330201149,183.58518648147583,182.91503763198853,156.86493331193924,155.8722372353077,156.9071365892887,160.21257501840591,159.5612135231495,158.5203041434288,163.75472676753998,161.8900950551033,162.78361308574677,165.42038968205452,165.6535460948944,164.9003331363201,185.75797027349472,185.50728404521942,186.14308923482895,187.73908495903015,187.85032206773758,189.6926485300064,192.23856794834137,197.469897210598,199.6942584514618,199.1311702132225,197.48057252168655,192.7131603360176,186.60574877262115,188.61726927757263,189.97900480031967,190.39711809158325,192.21824079751968,195.62105357646942,195.02457630634308,193.47614216804504,0.38169431595682585,0.39764997009741787,0.18673626583721306,0.128084643312973,0.9028169935500691,0.6788563565216831,0.4138148409329024,0.9556720988679915,0.40645771465890146,0.9357327679935389,0.6903173482865466,0.13454251140817006,0.14074325778943728,0.2903768135002886,0.1883784428581268,0.06192561745519898,0.9676176365153728,0.34933269817007034,0.2638102551123738,0.14098502430507964,0.0014698916,0.0024535323,0.0004157831,0.9840132,0.00170772,0.0009837861,0.008956073,dataset/true\videoplayback_Trim2.mp4
23,254.5889,130.59981,63.93628,81.341675,0.9995004,258.350474819541,256.0667258501053,254.7543894574046,254.94986502826214,256.46306455880404,259.28106155991554,262.9203891605139,267.2776865065098,274.2729778289795,282.9930731058121,292.23698377609253,301.0821261405945,309.01689302921295,315.2279597520828,319.40611404180527,322.28109097480774,324.4024120569229,261.3196455389261,265.28050377964973,269.73876106739044,273.98675924539566,277.567729473114,290.70380532741547,296.5549314022064,302.7647084593773,308.73687493801117,313.242498755455,282.3006350696087,280.3792764246464,278.4339189827442,276.4939152598381,270.4742307960987,273.4334192276001,277.0557069480419,281.83632788062096,286.2986859381199,264.3110997080803,268.4409075975418,272.185624063015,275.3037396967411,271.2939716875553,267.5196479856968,293.3603193163872,297.98615741729736,302.1556787490845,306.1658735871315,301.5855868458748,297.4278331398964,264.8692725300789,268.9438565671444,273.59658029675484,277.07442086935043,281.4556883275509,288.5905939936638,295.7239919900894,288.4723578095436,280.93758922815323,275.81412145495415,271.5453004539013,267.4713360071182,266.2565604150295,273.0942325592041,276.81726336479187,281.33884966373444,294.2242117524147,281.3435401916504,276.5377753674984,272.5366472005844,157.69255217909813,165.17485982179642,173.0262941122055,180.97068989276886,188.63724303245544,195.92915976047516,202.87506514787674,209.23888611793518,212.87809324264526,213.79643619060516,212.15891873836517,208.85230308771133,203.71844685077667,196.47088360786438,187.59114056825638,178.352778673172,169.14483177661896,149.46502658724785,148.23939669132233,149.268105879426,151.35522443056107,154.1727814078331,155.86452907323837,155.1482046842575,155.48574829101562,157.3782615661621,160.84672337770462,160.64373871684074,166.52800369262695,172.21821987628937,177.85870361328125,179.66572260856628,182.01064693927765,183.80890905857086,183.45577013492584,182.7236897945404,156.9320831298828,155.94741189479828,156.9613484442234,160.18381226062775,159.58634823560715,158.57904359698296,163.62452101707458,161.79292953014374,162.67959994077682,165.23887956142426,165.49300107359886,164.7583391070366,186.0668199658394,185.64958328008652,186.17154449224472,187.71143287420273,187.73226487636566,189.47783887386322,191.98330134153366,197.33131551742554,199.65556848049164,199.1722972393036,197.58624708652496,192.92033755779266,186.8706305027008,188.6876226067543,189.9868575334549,190.31860452890396,191.9657003879547,195.53540325164795,195.02706843614578,193.53179055452347,0.40322979419554655,0.399188239447656,0.16340160008122195,0.1325594194421087,0.938129713235312,0.6902999895537254,0.40016288912868936,0.9595512671750407,0.4112763087632099,0.9618925080420707,0.670926726732579,0.14470114040737128,0.13483752633697454,0.27574594797104945,0.20689240754738755,0.08457319899235943,0.953600001194504,0.3502376416188479,0.23836619899532155,0.12528790044255064,0.0015016984,0.0020495397,0.000389906,0.9851827,0.0017209875,0.0007588506,0.008396303,dataset/true\videoplayback_Trim2.mp4
24,254.58185,130.49101,63.9682,81.44096,0.9994973,258.35528123378754,256.0711042881012,254.75695100426674,254.94873140752316,256.4577963203192,259.2721601128578,262.9095004349947,267.26802319288254,274.2670068144798,282.9910766482353,292.2380118370056,301.0841593146324,309.01995426416397,315.23101180791855,319.4093863964081,322.2855979204178,324.40871810913086,261.32819014787674,265.2915531396866,269.7492160797119,273.9949676692486,277.57461380958557,290.7069354057312,296.55610632896423,302.7635931968689,308.73551642894745,313.2457894682884,282.30601862072945,280.3845245838165,278.43913501501083,276.4990739226341,270.4765783548355,273.43680173158646,277.0615655183792,281.84460055828094,286.30825516581535,264.3172290623188,268.447966337204,272.1922054886818,275.310385376215,271.30067932605743,267.5269132554531,293.3682271242142,297.9926286935806,302.1606262922287,306.1720190048218,301.59193420410156,297.43554359674454,264.8669433295727,268.945607483387,273.600577801466,277.0807957649231,281.4648605585098,288.6013702750206,295.7369483113289,288.48226207494736,280.94386544823647,275.8167512714863,271.5448782145977,267.46897009015083,266.25481982529163,273.0975140929222,276.8231655359268,281.34790256619453,294.23724150657654,281.35002982616425,276.5407975912094,272.5367986559868,157.66710996627808,165.1483436524868,172.99924325942993,180.9447267651558,188.6147358417511,195.911366045475,202.8630726337433,209.23191916942596,212.8730263710022,213.79326021671295,212.1544852256775,208.84529942274094,203.70885008573532,196.4591572880745,187.57807409763336,178.338096678257,169.12906205654144,149.46956910192966,148.2499480843544,149.28438733518124,151.3743445277214,154.1912520825863,155.8797985315323,155.16287750005722,155.49709367752075,157.3829360306263,160.84374475479126,160.64977169036865,166.53493851423264,172.22643518447876,177.86797910928726,179.66658544540405,182.01359343528748,183.81372809410095,183.4588451385498,182.72465819120407,156.93391206860542,155.9539657831192,156.96756500005722,160.18599459528923,159.58862924575806,158.5812305212021,163.62551695108414,161.79651626944542,162.681734085083,165.23639661073685,165.4910137951374,164.75770345330238,186.06125283241272,185.64748126268387,186.17175561189651,187.7121626138687,187.7325769662857,189.47558999061584,191.97778928279877,197.33210492134094,199.65960270166397,199.17698776721954,197.5902629494667,192.92107647657394,186.86649531126022,188.68734723329544,189.98739910125732,190.31858617067337,191.96127146482468,195.53925848007202,195.0317176580429,193.53577888011932,0.40322979419554655,0.399188239447656,0.16340160008122195,0.1325594194421087,0.938129713235312,0.6902999895537254,0.40016288912868936,0.9595512671750407,0.4112763087632099,0.9618925080420707,0.670926726732579,0.14470114040737128,0.13483752633697454,0.27574594797104945,0.20689240754738755,0.08457319899235943,0.953600001194504,0.3502376416188479,0.23836619899532155,0.12528790044255064,0.001529389,0.002081612,0.00039624996,0.98520297,0.0017149469,0.0007686475,0.008306219,dataset/true\videoplayback_Trim2.mp4
25,254.74753,129.8235,63.65744,80.38768,0.9995772,258.0185821056366,255.58245408535004,254.1173049286008,254.10404512286186,255.40214585512877,258.1256725490093,261.78991112113,266.22733411192894,273.1288401186466,281.73727145791054,291.05128532648087,300.0860085487366,308.22762221097946,314.5989287495613,318.9135948419571,321.82297509908676,323.93998658657074,261.1364166289568,265.183034196496,269.65529078245163,273.9069491326809,277.4343569278717,290.43571549654007,296.22082537412643,302.42460387945175,308.3494520187378,312.83056300878525,282.0316319167614,280.10990610718727,278.16179034113884,276.2056910395622,270.063687980175,273.0271079838276,276.5917783975601,281.3266781568527,285.7554567158222,263.9408795982599,268.14365112781525,271.9685035645962,275.10573011636734,270.996568351984,267.1458376944065,292.91218572854996,297.5912994146347,301.89255940914154,305.97846817970276,301.35125321149826,297.089628636837,263.6430035382509,268.0285633802414,272.89677143096924,276.3850739002228,280.74833422899246,287.81063079833984,294.73850840330124,287.31684029102325,279.81423074007034,274.7207717895508,270.41656070947647,266.2706067562103,265.0134328305721,272.31559804081917,276.0787943601608,280.58913165330887,293.24376291036606,280.2949708402157,275.5209359228611,271.5057292878628,157.22065687179565,164.5743903517723,172.29587590694427,180.12302684783936,187.63639891147614,194.67947900295258,201.25296014547348,207.18432086706161,210.72159850597382,211.80767142772675,210.64410841464996,207.95241087675095,203.32600367069244,196.39645087718964,187.77425545454025,178.7291965484619,169.6564029455185,148.78883400559425,147.6342871785164,148.651252835989,150.76755294203758,153.67791536450386,155.57393735647202,154.91386717557907,155.3222001194954,157.32783910632133,160.78982734680176,160.4404839873314,166.31454408168793,171.9634634256363,177.51995825767517,179.39493483304977,181.7377479672432,183.5165365934372,183.28902304172516,182.6308850646019,156.19721075892448,155.03477907180786,156.15617322921753,159.84717351198196,159.1290408372879,158.0273381769657,163.51071906089783,161.3231155872345,162.19545739889145,165.057223290205,165.38519996404648,164.66395556926727,185.3491240143776,184.95153522491455,185.51366424560547,187.10903120040894,187.21106165647507,189.12722033262253,191.7274388074875,196.4939239025116,198.51972711086273,197.9778380393982,196.38068115711212,191.860600233078,186.14502215385437,188.11380928754807,189.44613951444626,189.85459637641907,191.67410814762115,194.50098651647568,193.91341298818588,192.43130713701248,0.4028693303152181,0.3949679128316173,0.17605252765071103,0.12180188675283224,0.8754810135724147,0.632809450702866,0.4282124774095333,0.9422434366626293,0.40645771465890146,0.934445229190286,0.6792617591392306,0.12794947503921028,0.1354387460544609,0.28454127896173176,0.2026455724624939,0.10356388841900725,0.9392408339003252,0.30474418159853656,0.2624609298266828,0.07601767014716641,0.0011688537,0.0024103804,0.0003602655,0.9791197,0.0022836754,0.00063055014,0.014026653,dataset/true\videoplayback_Trim2.mp4
26,254.79715,130.96967,64.1319,81.624115,0.9993894,257.46912080049515,255.06947427988052,253.60941590368748,253.46803545951843,254.55195800960064,257.08781626820564,260.6040904521942,264.9857085645199,271.963153898716,280.691621363163,290.1511951684952,299.27823996543884,307.4551354646683,313.76986014842987,318.0316821336746,321.0153192281723,323.2575590610504,260.33870580792427,264.48912340402603,269.0617581605911,273.32822465896606,276.881279528141,289.51977384090424,295.45901358127594,301.72797656059265,307.7267302274704,312.3094838857651,281.2276999950409,279.2398716211319,277.21421068906784,275.185834646225,269.1575890183449,272.03682684898376,275.5489040017128,280.27854561805725,284.70751893520355,263.3104538321495,267.4407277703285,271.2919194698334,274.37636202573776,270.28085219860077,266.40770599246025,292.12851643562317,296.7761723995209,301.07450890541077,305.0694922208786,300.53685188293457,296.28520691394806,263.11571553349495,267.4107755422592,272.01860678195953,275.39168095588684,279.7208878993988,286.630882024765,293.6685607433319,286.24579191207886,278.9241353869438,273.95752596855164,269.81620329618454,265.83364486694336,264.5471658706665,271.4145388007164,275.06397545337677,279.5262553691864,292.1098128557205,279.4277721643448,274.7486762404442,270.88041281700134,157.5752044916153,164.87699979543686,172.52694296836853,180.32528972625732,187.9086685180664,195.0828605890274,201.8410177230835,207.98420226573944,211.63203263282776,212.83410143852234,211.62986612319946,208.8202657699585,204.07402896881104,197.03610384464264,188.36159455776215,179.26216113567352,170.1315341591835,150.00250017642975,148.91452878713608,150.12822863459587,152.4039831161499,155.38946360349655,157.3127964735031,156.62941843271255,156.98237818479538,158.88562202453613,162.30829346179962,161.66272938251495,167.5452446937561,173.2421793937683,178.86219370365143,180.40625023841858,182.78046119213104,184.6343936920166,184.37431025505066,183.74070382118225,157.1565265059471,156.03328657150269,157.1942800283432,160.88533598184586,160.1918134689331,159.08323001861572,164.63753306865692,162.50663602352142,163.40292942523956,166.21389663219452,166.60381722450256,165.8604347705841,186.2030303478241,186.17426133155823,186.85651659965515,188.4907854795456,188.58355486392975,190.39890396595,192.69826340675354,197.01997590065002,198.71959805488586,198.1210788488388,196.5425534248352,192.30974686145782,187.06053113937378,189.41888844966888,190.75301206111908,191.19200456142426,192.6599636077881,194.71429359912872,194.08837223052979,192.61257469654083,0.3719759789105279,0.37798950793480673,0.1836169748996804,0.12618775104419747,0.8643751350249094,0.6040277994456726,0.42658376863052366,0.8998618901624316,0.40645771465890146,0.925746415480591,0.6631559924628839,0.11336868807618387,0.14559714916451932,0.3001386597867109,0.20860327387484937,0.14074144896493176,0.9021860360354973,0.2609501821136153,0.2902438432719426,0.0931111566036947,0.0041792872,0.0049203807,0.0005588524,0.9699543,0.0020914578,0.0011095098,0.017186234,dataset/true\videoplayback_Trim2.mp4
27,254.65372,132.3539,64.02118,82.23036,0.9992436,257.1858531534672,254.88436090946198,253.53752881288528,253.50148385763168,254.67147228121758,257.22510370612144,260.73487371206284,265.1101701259613,272.1906443834305,280.95192098617554,290.3415039777756,299.39323234558105,307.52340376377106,313.84449315071106,318.14593529701233,321.2099610567093,323.55394315719604,260.17006558179855,264.2225578725338,268.7890220284462,273.1523050069809,276.8715000152588,289.97735834121704,295.9904500246048,302.3076945543289,308.3812439441681,312.9447965621948,281.44341415166855,279.39397275447845,277.31248235702515,275.23419058322906,269.32105123996735,272.1743769645691,275.6899758577347,280.4630057811737,284.907986164093,263.3963250219822,267.50321251153946,271.3429974913597,274.4695289134979,270.4281562566757,266.56111323833466,292.57065641880035,297.23452866077423,301.4703711271286,305.3843334913254,300.9097054004669,296.7069556713104,263.486585021019,267.6670443415642,272.1907699108124,275.56084537506104,279.87129759788513,286.7343351840973,293.81357276439667,286.47055101394653,279.2267261147499,274.29680556058884,270.1819598674774,266.21099412441254,264.90338933467865,271.64957255125046,275.27792060375214,279.7072123885155,292.22454953193665,279.6928813457489,275.0376054048538,271.1886615753174,158.3932944536209,165.8570061326027,173.66562056541443,181.58602643013,189.33471083641052,196.71159708499908,203.6936811208725,209.98302137851715,213.58021306991577,214.60267543792725,213.09164190292358,209.9866942167282,205.04346311092377,197.88386476039886,189.08270299434662,179.9075858592987,170.71124297380447,151.12895512580872,149.83778977394104,150.8439765870571,152.91469603776932,155.73314839601517,157.4339165687561,156.71943563222885,157.07409465312958,158.9860835671425,162.54581928253174,161.85004889965057,167.75576585531235,173.4912816286087,179.17841124534607,180.7467736005783,183.11451292037964,184.97546100616455,184.64003324508667,183.93662428855896,158.03961408138275,156.90876346826553,157.92342686653137,161.29676139354706,160.7407262325287,159.7571587562561,164.70020389556885,162.74132585525513,163.63136613368988,166.3087187409401,166.64772403240204,165.89336490631104,187.01471841335297,186.94652915000916,187.53954374790192,189.10426580905914,189.13703775405884,190.81254935264587,193.0408091545105,197.53641891479492,199.36574804782867,198.85339641571045,197.35137295722961,193.2053290605545,187.84909892082214,190.02183377742767,191.29006481170654,191.66710722446442,193.04963791370392,195.3510708808899,194.8204015493393,193.41947412490845,0.33480017903436404,0.394827958500086,0.2038462680891985,0.1224239491840317,0.8719681507424117,0.5837570729508409,0.39742970510856973,0.9179412306027881,0.40645771465890146,0.9494375111724143,0.6497402994447932,0.11139545463673549,0.17702751335437616,0.2961408244900774,0.21880158449095347,0.11038859744436195,0.9574244539963278,0.3007339170000084,0.32382178029677383,0.08773602554560112,0.006194174,0.007095735,0.0005622433,0.95679265,0.002518812,0.0017167348,0.025119647,dataset/true\videoplayback_Trim2.mp4
28,253.70877,133.49605,63.38669,80.7682,0.9991844,257.240032851696,254.92523380368948,253.57100622355938,253.60375443845987,254.87319395691156,257.4374205470085,260.8260653614998,264.98909017443657,271.9119307398796,280.56328132748604,289.82812267541885,298.77150452136993,306.8608660697937,313.2071916460991,317.5368564128876,320.6275655031204,322.99427646398544,260.3060386478901,264.34851413965225,268.78875282406807,273.02489617466927,276.6431359052658,289.66775435209274,295.59174424409866,301.81872296333313,307.8374229669571,312.4099074602127,281.2175709605217,279.1415970027447,277.0309718847275,274.9269006550312,269.06070935726166,271.9009548127651,275.40454509854317,280.1842228770256,284.6246015429497,263.37398582696915,267.47128358483315,271.21787717938423,274.27813225984573,270.296594619751,266.5177524983883,292.3279170393944,296.95767921209335,301.1091957092285,305.0134819149971,300.5346106290817,296.40358650684357,263.1033889502287,267.2878114283085,271.83682492375374,275.21810349822044,279.54708671569824,286.4850842952728,293.6330541372299,286.2092564702034,278.81864589452744,273.8285644352436,269.68071499466896,265.7036200463772,264.4832876473665,271.2964963018894,274.9362243413925,279.3911404311657,292.0609837770462,279.3074016571045,274.59998646378517,270.72075924277306,158.96939852833748,166.3580332994461,174.10284757614136,181.95501619577408,189.6147813796997,196.90555530786514,203.8563348054886,210.18682181835175,213.81554639339447,214.85174918174744,213.2910976409912,210.145534157753,205.22067260742188,198.12835574150085,189.37774449586868,180.26579278707504,171.14198625087738,151.58928886055946,150.45277440547943,151.539119258523,153.6083568930626,156.3843416571617,158.05603525042534,157.35607263445854,157.70521864295006,159.5527427792549,163.0057790875435,162.35347443819046,168.25157922506332,173.99162882566452,179.677792429924,181.12048316001892,183.52105128765106,185.41182053089142,185.0797706246376,184.37856423854828,158.53415241837502,157.54349410533905,158.55413764715195,161.77180996537209,161.1644577383995,160.16845029592514,165.18974763154984,163.38194382190704,164.27580377459526,166.83546203374863,167.11259788274765,166.34747731685638,187.2143692970276,187.28081691265106,187.98340934515,189.56853240728378,189.63406211137772,191.28497648239136,193.4566771388054,198.28880667686462,200.27255576848984,199.73419606685638,198.17005187273026,193.7761424779892,188.106207549572,190.38688725233078,191.70402604341507,192.10039860010147,193.48988258838654,196.25768876075745,195.70965886116028,194.24496579170227,0.3331410192019165,0.39986459441886013,0.18783873886001487,0.11737096059729105,0.873160418410749,0.643551809358677,0.4132193991994757,0.9541573400195791,0.40645771465890146,0.9303495404092195,0.6542567012347245,0.11063630432322863,0.16203521761788747,0.29138325084798944,0.2209290357128248,0.10507682687251228,0.9568105638341383,0.32090077652033655,0.3083320852375329,0.08732664731196736,0.00421401,0.005645425,0.0005411853,0.9632425,0.0027104309,0.0012782465,0.022368265,dataset/true\videoplayback_Trim2.mp4
29,254.47885,134.36368,63.56302,80.82634,0.9989183,256.64903400838375,254.21715190261602,252.76346803456545,252.69215089827776,253.84631220251322,256.3470720946789,259.7750218808651,264.036052107811,270.93004500865936,279.5369985103607,288.8543834090233,297.87988620996475,306.04239612817764,312.49985325336456,316.9454548358917,320.0623427629471,322.3849710226059,259.64924505352974,263.821819588542,268.3593144416809,272.6373581588268,276.21428269147873,289.1608694791794,295.09174370765686,301.3259280323982,307.29268342256546,311.8332750797272,280.7530522942543,278.70812210440636,276.6329742670059,274.55448293685913,268.5002161562443,271.3474446237087,274.84653025865555,279.5913732945919,284.003429800272,262.6277279853821,266.77709197998047,270.5880610048771,273.6945512890816,269.6213831305504,265.77957457304,291.70623356103897,296.3876144886017,300.63111490011215,304.57634913921356,300.05209171772003,295.85031497478485,262.5093380510807,266.6670171767473,271.21531814336777,274.55340668559074,278.8479819893837,285.70122650265694,292.6098577976227,285.4177800118923,278.18575471639633,273.24403113126755,269.1051680445671,265.14511412382126,263.913253903389,270.6059166789055,274.22132235765457,278.63900795578957,291.08324241638184,278.6923386156559,274.04048001766205,270.1741517484188,160.01924341917038,167.37697440385818,175.0688710808754,182.83782184123993,190.4156312942505,197.65852236747742,204.56007426977158,210.86666345596313,214.61474406719208,215.8370442390442,214.5690871477127,211.66317200660706,206.86925971508026,199.84785151481628,191.16152620315552,182.02656245231628,172.88690128922462,152.5686473250389,151.59568864107132,152.85314367711544,155.07598692178726,157.99676075577736,159.87033981084824,159.25265419483185,159.64936408400536,161.53265005350113,164.9133870601654,163.97047621011734,169.91379272937775,175.6793419122696,181.36268293857574,182.66780626773834,185.12669849395752,187.04167306423187,186.79618680477142,186.13273411989212,159.4243793785572,158.35728886723518,159.4659102857113,163.0005328655243,162.29480347037315,161.22291457653046,166.78289288282394,164.79730796813965,165.73516112565994,168.4917641878128,168.78069061040878,167.99227344989777,188.4609019756317,188.47791546583176,189.2212035059929,190.88223326206207,191.00159388780594,192.82232648134232,195.22891610860825,199.70276641845703,201.5307229757309,200.9215418100357,199.28261536359787,194.8409562110901,189.32461082935333,191.70661878585815,193.07463282346725,193.54538375139236,195.16647517681122,197.46410870552063,196.82435190677643,195.30025619268417,0.35067667678635334,0.3942823144514912,0.18986540510611202,0.1230699855388504,0.8688745552020645,0.5993264291716213,0.44055208549692526,0.9626588273528057,0.4112763087632099,0.9420770363742315,0.6617466403639816,0.11020156809514216,0.14997607730383392,0.28893632263337354,0.22184447484963857,0.10879064548990602,0.9237318422221598,0.30101194892632066,0.3041654433260377,0.09636273233870336,0.006208931,0.0048726955,0.0005105569,0.9687214,0.0021259314,0.0010052341,0.016555326,dataset/true\videoplayback_Trim2.mp4
30,,,,,,,,,,,,,,,,,,,,,,,,,,,,,,,,,,,,,,,,,,,,,,,,,,,,,,,,,,,,,,,,,,,,,,,,,,,,,,,,,,,,,,,,,,,,,,,,,,,,,,,,,,,,,,,,,,,,,,,,,,,,,,,,,,,,,,,,,,,,,,,,,,,,,,,,,,,,,,,,,,,,,,,,,dataset/true\videoplayback_Trim2.mp4
